HAddress,HAttractions,HGFW,HImages,HLanguage,HName,HPMax,HPMin,HPRange,HQuestions,HRImages,HRNumber,HRank,HRankreview,HRating,HRestaurants,HReview,HRoom,HStyles,HURL,HVideos
"Lo F1-2 Duong Giap Van Cuong, Đà Nẵng Việt Nam",,,,,Hotel Victory,,Việt Nam,"Việt Nam,Đà Nẵng","Gần Hotel Victory có điểm du lịch nổi tiếng nào?, ,Gần Hotel Victory có nhà hàng nào?, ",,,,,,,,,,https://www.tripadvisor.com.vn/Hotel_Review-g298085-d21134945-Reviews-Hotel_Victory-Da_Nang.html,
"Tran Dinh Tri 70, Đà Nẵng Việt Nam",,,,,Da Nang Hostel Ngocson,,Việt Nam,"Việt Nam,Đà Nẵng","Gần Da Nang Hostel Ngocson có điểm du lịch nổi tiếng nào?, ,Gần Da Nang Hostel Ngocson có nhà hàng nào?, ",,,,,,,,,,https://www.tripadvisor.com.vn/Hotel_Review-g298085-d19949171-Reviews-Da_Nang_Hostel_Ngocson-Da_Nang.html,
"1359 Nguyen Tat Thanh Phuong Thanh Khe Dong, Quan Thanh Khe, Đà Nẵng 550000 Việt Nam",,,,,SPOT ON 1115 Romantic Motel,,Việt Nam,"Việt Nam,Đà Nẵng","Gần SPOT ON 1115 Romantic Motel có điểm du lịch nổi tiếng nào?, ,Gần SPOT ON 1115 Romantic Motel có nhà hàng nào?, ",,,,,,,,,,https://www.tripadvisor.com.vn/Hotel_Review-g298085-d21336848-Reviews-SPOT_ON_1115_Romantic_Motel-Da_Nang.html,
"29 Lý Chính Thắng, Đà Nẵng Việt Nam",,,,,Nha nghi hien quy 3,,Việt Nam,"Việt Nam,Đà Nẵng","Gần Nha nghi hien quy 3 có điểm du lịch nổi tiếng nào?, ,Gần Nha nghi hien quy 3 có nhà hàng nào?, ",,,,,,,,,,https://www.tripadvisor.com.vn/Hotel_Review-g298085-d23383903-Reviews-Nha_nghi_hien_quy_3-Da_Nang.html,
"Phu Xuan 3 03, Đà Nẵng Việt Nam",,,,,My Dung Motel,,Việt Nam,"Việt Nam,Đà Nẵng","Gần My Dung Motel có điểm du lịch nổi tiếng nào?, ,Gần My Dung Motel có nhà hàng nào?, ",,,,,,,,,,https://www.tripadvisor.com.vn/Hotel_Review-g298085-d23187018-Reviews-My_Dung_Motel-Da_Nang.html,
"Lo 23 B7 1 Nguyen Tat Thanh, Đà Nẵng 550000 Việt Nam",,,,,OYO 969 Anh Thy Motel,,Việt Nam,"Việt Nam,Đà Nẵng","Gần OYO 969 Anh Thy Motel có điểm du lịch nổi tiếng nào?, ,Gần OYO 969 Anh Thy Motel có nhà hàng nào?, ",,,,,,,,,,https://www.tripadvisor.com.vn/Hotel_Review-g298085-d21335213-Reviews-OYO_969_Anh_Thy_Motel-Da_Nang.html,
"88 Nguyễn ViếT Xuân, Phường Hòa Minh, QuậN Liên Chiểu, Đà Nẵng Việt Nam",,,,,Phu Quy Hotel,,Việt Nam,"Việt Nam,Đà Nẵng","Gần Phu Quy Hotel có điểm du lịch nổi tiếng nào?, ,Gần Phu Quy Hotel có nhà hàng nào?, ",,,,,,,,,,https://www.tripadvisor.com.vn/Hotel_Review-g298085-d19656103-Reviews-Phu_Quy_Hotel-Da_Nang.html,
"192/64 To Hieu Street, Lien Chieu, Đà Nẵng 550000 Việt Nam",,,,,OYO 962 Tulip Motel,Lien Chieu,Việt Nam,"Việt Nam,Đà Nẵng,Lien Chieu","Gần OYO 962 Tulip Motel có điểm du lịch nổi tiếng nào?, ,Gần OYO 962 Tulip Motel có nhà hàng nào?, ",,,,,,,,,,https://www.tripadvisor.com.vn/Hotel_Review-g16740551-d21302001-Reviews-OYO_962_Tulip_Motel-Lien_Chieu_Da_Nang.html,
"50 Hong Thai, near Da Nang Railway Station Hoa Minh Ward, Đà Nẵng 550000 Việt Nam",,,,,OYO 1071 Nguyen Kim Motel,16,Việt Nam,"Việt Nam,Đà Nẵng,16","Gần OYO 1071 Nguyen Kim Motel có điểm du lịch nổi tiếng nào?, ,Gần OYO 1071 Nguyen Kim Motel có nhà hàng nào?, ",,,,,,,,16.0,,https://www.tripadvisor.com.vn/Hotel_Review-g298085-d21289224-Reviews-OYO_1071_Nguyen_Kim_Motel-Da_Nang.html,
"Near Tran Cao Van, Đà Nẵng 550000 Việt Nam",,,,,OYO 1121 Bao Viet Hotel,14,Việt Nam,"Việt Nam,Đà Nẵng,14","Gần OYO 1121 Bao Viet Hotel có điểm du lịch nổi tiếng nào?, ,Gần OYO 1121 Bao Viet Hotel có nhà hàng nào?, ",,,,,,,,14.0,,https://www.tripadvisor.com.vn/Hotel_Review-g298085-d21093864-Reviews-OYO_1121_Bao_Viet_Hotel-Da_Nang.html,
"100/2 Nguyễn Văn Thoại, Q. Ngũ Hành Sơn, Đà Nẵng Việt Nam",3.0,78.0,,"Tiếng Việt, Tiếng Anh",Khách sạn Nemo,409.091 ₫,272.727 ₫,"272.727 ₫, - ,409.091 ₫","Gần Khách sạn Nemo có điểm du lịch nổi tiếng nào?, ,Khách sạn Nemo có những tiện nghi tại cơ sở kinh doanh gì?, ,Khách sạn Nemo có những tiện nghi phòng gì?, ,Khách sạn Nemo có chỗ đỗ xe không?, ,Gần Khách sạn Nemo có nhà hàng nào?, ,Khách sạn Nemo có dịch vụ đưa đón tại sân bay không?, ,Khách sạn Nemo có cho phép vật nuôi không?, ,Nhân viên tại Khách sạn Nemo nói ngôn ngữ gì?, ,Khách sạn Nemo có trợ năng không?, ",,118.0,Số 8 trong 628 B&B / Nhà trọ tại Đà Nẵng,45.0,30.0,89.0,Tuyệt vời,17.0,"Yên tĩnh,Hiện đại",https://www.tripadvisor.com.vn/Hotel_Review-g298085-d3793990-Reviews-Nemo_Hotel-Da_Nang.html,
"A2.3 Hoàng Sa, P. Thọ Quang, Q. Sơn Trà Tho Quang, Son Tra, Đà Nẵng 550000 Việt Nam",1.0,40.0,153.0,"Tiếng Việt, Tiếng Anh, Tiếng Đức",Khách sạn Dan Oasis,931.818 ₫,545.455 ₫,"545.455 ₫, - ,931.818 ₫","Gần Khách sạn Dan Oasis có điểm du lịch nổi tiếng nào?, ,Khách sạn Dan Oasis có những tiện nghi tại cơ sở kinh doanh gì?, ,Khách sạn Dan Oasis có những tiện nghi phòng gì?, ,Khách sạn Dan Oasis có những lựa chọn đồ ăn & đồ uống gì?, ,Khách sạn Dan Oasis có chỗ đỗ xe không?, ,Gần Khách sạn Dan Oasis có nhà hàng nào?, ,Khách sạn Dan Oasis có dịch vụ đưa đón tại sân bay không?, ,Khách sạn Dan Oasis có dịch vụ dọn phòng không?, ,Nhân viên tại Khách sạn Dan Oasis nói ngôn ngữ gì?, ",26.0,118.0,Số 99 trong 900 khách sạn tại Đà Nẵng,45.0,35.0,12.0,Tuyệt vời,30.0,"Hiện đại,Lãng mạn",https://www.tripadvisor.com.vn/Hotel_Review-g298085-d7621465-Reviews-Dan_Oasis_Beach_Hotel_and_Apartment-Da_Nang.html,11.0
"ĐT605, Hoà Tiến, Hòa Vang, Đà Nẵng Việt Nam",,,,,Thanh Hoa Sabaidi,,Việt Nam,"Việt Nam,Đà Nẵng","Gần Thanh Hoa Sabaidi có điểm du lịch nổi tiếng nào?, ,Gần Thanh Hoa Sabaidi có nhà hàng nào?, ",,,,,,,,,,https://www.tripadvisor.com.vn/Hotel_Review-g298085-d17603019-Reviews-Thanh_Hoa_Sabaidi-Da_Nang.html,
"238 Phan Khu B2 - 4 , Kdc So 1 Duong Dt 605, Thon Duong Son, Xa Hoa Chau, Huyen Hoa Vang, Đà Nẵng Việt Nam",,,,,OYO 1106 Duong Chau Phat Hotel,,Việt Nam,"Việt Nam,Đà Nẵng","Gần OYO 1106 Duong Chau Phat Hotel có điểm du lịch nổi tiếng nào?, ,Gần OYO 1106 Duong Chau Phat Hotel có nhà hàng nào?, ",,,,,,,,,,https://www.tripadvisor.com.vn/Hotel_Review-g298085-d21097649-Reviews-OYO_1106_Duong_Chau_Phat_Hotel-Da_Nang.html,
"18 - 20 Phạm Phú Thứ, P.Hải Châu, Q. Hải Châu, Đà Nẵng 550000 Việt Nam",24.0,91.0,90.0,,OYO 157 Centre Hotelạn Centre,1.159.091 ₫,545.455 ₫,"545.455 ₫, - ,1.159.091 ₫","Gần OYO 157 Centre Hotelạn Centre có điểm du lịch nổi tiếng nào?, ,OYO 157 Centre Hotelạn Centre có những tiện nghi tại cơ sở kinh doanh gì?, ,OYO 157 Centre Hotelạn Centre có những tiện nghi phòng gì?, ,OYO 157 Centre Hotelạn Centre có những lựa chọn đồ ăn & đồ uống gì?, ,OYO 157 Centre Hotelạn Centre có chỗ đỗ xe không?, ,Gần OYO 157 Centre Hotelạn Centre có nhà hàng nào?, ,OYO 157 Centre Hotelạn Centre có dịch vụ đưa đón tại sân bay không?, ,OYO 157 Centre Hotelạn Centre có dịch vụ dọn phòng không?, ,OYO 157 Centre Hotelạn Centre có cung cấp dịch vụ doanh nghiệp nào không?, ,OYO 157 Centre Hotelạn Centre có trợ năng không?, ",63.0,120.0,Số 109 trong 900 khách sạn tại Đà Nẵng,45.0,30.0,153.0,Tuyệt vời,75.0,"Nằm ở vị trí trung tâm,Công tác",https://www.tripadvisor.com.vn/Hotel_Review-g298085-d10151876-Reviews-OYO_157_Centre_Hotel-Da_Nang.html,17.0
"27 Luu Quang Thuan, Hoa Hai, Đà Nẵng Việt Nam",6.0,76.0,,,Vernal Home Boutique Villa,Hoa Hai,Việt Nam,"Việt Nam,Đà Nẵng,Hoa Hai","Gần Vernal Home Boutique Villa có điểm du lịch nổi tiếng nào?, ",,,,,,40.0,,,,https://www.tripadvisor.com.vn/Hotel_Review-g20045940-d23262374-Reviews-Vernal_Home_Boutique_Villa-Hoa_Hai_Da_Nang.html,
"107 Võ Nguyên Giáp, Ngũ Hành Sơn Furama Villas S20, Đà Nẵng 50000 Việt Nam",2.0,54.0,3.0,"Tiếng Việt, Tiếng Anh, Tiếng Pháp, Tiếng Nga",Abogo,100,Việt Nam,"Việt Nam,Đà Nẵng,100","Gần Abogo có điểm du lịch nổi tiếng nào?, ,Abogo có những tiện nghi tại cơ sở kinh doanh gì?, ,Abogo có những tiện nghi phòng gì?, ,Abogo có những lựa chọn đồ ăn & đồ uống gì?, ,Abogo có chỗ đỗ xe không?, ,Gần Abogo có nhà hàng nào?, ,Tôi có thể tập thể dục tại Abogo không?, ,Abogo có dịch vụ đưa đón tại sân bay không?, ,Abogo có dịch vụ đưa đón tại sân bay không?, ,Abogo có dịch vụ dọn phòng không?, ",14.0,2.0,Số 305 trong 900 khách sạn tại Đà Nẵng,50.0,,14.0,Tuyệt vời,100.0,,https://www.tripadvisor.com.vn/Hotel_Review-g298085-d21321518-Reviews-Abogo-Da_Nang.html,2.0
"82B Che Lan Vien, My An, Đà Nẵng Việt Nam",6.0,69.0,,,Beach Pool Villa Da Nang- Boss Villa - Near My Khe Beach,My An,Việt Nam,"Việt Nam,Đà Nẵng,My An","Gần Beach Pool Villa Da Nang- Boss Villa - Near My Khe Beach có điểm du lịch nổi tiếng nào?, ,Gần Beach Pool Villa Da Nang- Boss Villa - Near My Khe Beach có nhà hàng nào?, ",,,,,,39.0,,,,https://www.tripadvisor.com.vn/Hotel_Review-g15296807-d23340673-Reviews-Beach_Pool_Villa_Da_Nang_Boss_Villa_Near_My_Khe_Beach-My_An_Da_Nang.html,
"03 Trần Quốc Toản, Q. Hải Châu, Đà Nẵng 550000 Việt Nam",27.0,94.0,122.0,"Tiếng Việt, Tiếng Anh",Memory Hostel,704.545 ₫,340.909 ₫,"340.909 ₫, - ,704.545 ₫","Gần Memory Hostel có điểm du lịch nổi tiếng nào?, ,Memory Hostel có những tiện nghi tại cơ sở kinh doanh gì?, ,Memory Hostel có những lựa chọn đồ ăn & đồ uống gì?, ,Memory Hostel có chỗ đỗ xe không?, ,Gần Memory Hostel có nhà hàng nào?, ,Memory Hostel có dịch vụ đưa đón tại sân bay không?, ,Memory Hostel có dịch vụ đưa đón tại sân bay không?, ,Nhân viên tại Memory Hostel nói ngôn ngữ gì?, ",13.0,121.0,Số 9 trong 813 Cơ sở lưu trú đặc biệt tại Đà Nẵng,45.0,10.0,173.0,Tuyệt vời,7.0,"Thời thượng,Bình dân",https://www.tripadvisor.com.vn/Hotel_Review-g298085-d9593925-Reviews-Memory_Hostel-Da_Nang.html,6.0
"Lô 30-31-32 Nguyễn Văn Thoại Quận Ngũ Hành Sơn, Đà Nẵng 550000 Việt Nam",4.0,79.0,40.0,"Tiếng Việt, Tiếng Anh, Tiếng Pháp, Tiếng Trung",Khách sạn Bắc Cường,1.181.818 ₫,386.364 ₫,"386.364 ₫, - ,1.181.818 ₫","Gần Khách sạn Bắc Cường có điểm du lịch nổi tiếng nào?, ,Khách sạn Bắc Cường có những tiện nghi tại cơ sở kinh doanh gì?, ,Khách sạn Bắc Cường có những lựa chọn đồ ăn & đồ uống gì?, ,Khách sạn Bắc Cường có chỗ đỗ xe không?, ,Gần Khách sạn Bắc Cường có nhà hàng nào?, ,Khách sạn Bắc Cường có cung cấp dịch vụ doanh nghiệp nào không?, ,Nhân viên tại Khách sạn Bắc Cường nói ngôn ngữ gì?, ",40.0,122.0,Số 293 trong 900 khách sạn tại Đà Nẵng,35.0,30.0,82.0,Rất tốt,100.0,,https://www.tripadvisor.com.vn/Hotel_Review-g298085-d6930541-Reviews-Bac_Cuong_Hotel-Da_Nang.html,5.0
"28 Dang Xuan Thieu, Ngu Hanh Son, Đà Nẵng Việt Nam",,,,Tiếng Việt,Ngan Ha Motel,,Việt Nam,"Việt Nam,Đà Nẵng","Gần Ngan Ha Motel có điểm du lịch nổi tiếng nào?, ,Ngan Ha Motel có những tiện nghi tại cơ sở kinh doanh gì?, ,Ngan Ha Motel có những lựa chọn đồ ăn & đồ uống gì?, ,Ngan Ha Motel có chỗ đỗ xe không?, ,Gần Ngan Ha Motel có nhà hàng nào?, ,Ngan Ha Motel có dịch vụ đưa đón tại sân bay không?, ,Ngan Ha Motel có dịch vụ dọn phòng không?, ",,,,,,,,,,https://www.tripadvisor.com.vn/Hotel_Review-g298085-d12432531-Reviews-Ngan_Ha_Motel-Da_Nang.html,
"424 Võ Nguyên Giáp, biển Bắc Mỹ An, Quận Ngũ Hành Sơn ₫, Đà Nẵng Việt Nam",5.0,66.0,50.0,"Tiếng Việt, Tiếng Anh, Tiếng Trung, Tiếng Thái",Khách sạn Fansipan Đà Nẵng,1.250.000 ₫,568.182 ₫,"568.182 ₫, - ,1.250.000 ₫","Gần Khách sạn Fansipan Đà Nẵng có điểm du lịch nổi tiếng nào?, ,Khách sạn Fansipan Đà Nẵng có những tiện nghi tại cơ sở kinh doanh gì?, ,Khách sạn Fansipan Đà Nẵng có những tiện nghi phòng gì?, ,Khách sạn Fansipan Đà Nẵng có những lựa chọn đồ ăn & đồ uống gì?, ,Khách sạn Fansipan Đà Nẵng có chỗ đỗ xe không?, ,Gần Khách sạn Fansipan Đà Nẵng có nhà hàng nào?, ,Tôi có thể tập thể dục tại Khách sạn Fansipan Đà Nẵng không?, ,Khách sạn Fansipan Đà Nẵng có dịch vụ đưa đón tại sân bay không?, ,Khách sạn Fansipan Đà Nẵng có dịch vụ đưa đón tại sân bay không?, ,Khách sạn Fansipan Đà Nẵng có dịch vụ dọn phòng không?, ,Khách sạn Fansipan Đà Nẵng có cung cấp dịch vụ doanh nghiệp nào không?, ",72.0,122.0,Số 178 trong 900 khách sạn tại Đà Nẵng,35.0,30.0,35.0,Rất tốt,80.0,"Hạng trung,Gia đình",https://www.tripadvisor.com.vn/Hotel_Review-g298085-d3222457-Reviews-Fansipan_Danang_Hotel-Da_Nang.html,7.0
"01 Mai Hac De Street, Son Tra District, Đà Nẵng Việt Nam",10.0,78.0,58.0,,D&C Hotel,590.909 ₫,295.455 ₫,"295.455 ₫, - ,590.909 ₫","Gần D&C Hotel có điểm du lịch nổi tiếng nào?, ,D&C Hotel có những tiện nghi tại cơ sở kinh doanh gì?, ,D&C Hotel có những tiện nghi phòng gì?, ,D&C Hotel có những lựa chọn đồ ăn & đồ uống gì?, ,D&C Hotel có chỗ đỗ xe không?, ,Gần D&C Hotel có nhà hàng nào?, ,D&C Hotel có dịch vụ dọn phòng không?, ,D&C Hotel có trợ năng không?, ",27.0,123.0,Số 10 trong 628 B&B / Nhà trọ tại Đà Nẵng,40.0,20.0,29.0,Rất tốt,28.0,Hiện đại,https://www.tripadvisor.com.vn/Hotel_Review-g298085-d3794014-Reviews-D_C_Hotel-Da_Nang.html,11.0
"An Son, Đà Nẵng Việt Nam",,,,,BA NA by Night Hotel,,Việt Nam,"Việt Nam,Đà Nẵng","Gần BA NA by Night Hotel có điểm du lịch nổi tiếng nào?, ",,,,,,,,,,https://www.tripadvisor.com.vn/Hotel_Review-g298085-d21101436-Reviews-BA_NA_by_Night_Hotel-Da_Nang.html,
"04 Ấp Bắc Near Trần Đại Nghĩa Bus Stop, Hoa Hai, Đà Nẵng 550000 Việt Nam",,,,,OYO 1064 Phat Tai Hotel And Apartment,Hoa Hai,Việt Nam,"Việt Nam,Đà Nẵng,Hoa Hai","Gần OYO 1064 Phat Tai Hotel And Apartment có điểm du lịch nổi tiếng nào?, ,Gần OYO 1064 Phat Tai Hotel And Apartment có nhà hàng nào?, ",,,,,,,,,,https://www.tripadvisor.com.vn/Hotel_Review-g20045940-d21176352-Reviews-OYO_1064_Phat_Tai_Hotel_And_Apartment-Hoa_Hai_Da_Nang.html,
"Near Phan Văn Đáng, Đà Nẵng Việt Nam",,,,,SPOT ON 1012 Kim Anh Motel,,Việt Nam,"Việt Nam,Đà Nẵng","Gần SPOT ON 1012 Kim Anh Motel có điểm du lịch nổi tiếng nào?, ,Gần SPOT ON 1012 Kim Anh Motel có nhà hàng nào?, ",,,,,,,,,,https://www.tripadvisor.com.vn/Hotel_Review-g298085-d23236854-Reviews-SPOT_ON_1012_Kim_Anh_Motel-Da_Nang.html,
"Nguyen Tat Thanh, Lien Chieu, Đà Nẵng 550000 Việt Nam",,,,,OYO 649 Nha Khach 683,Đà Nẵng,Nha Khach 683,"Nha Khach 683,Việt Nam,Đà Nẵng","Gần OYO 649 Nha Khach 683 có điểm du lịch nổi tiếng nào?, ,OYO 649 Nha Khach 683 có chỗ đỗ xe không?, ,Gần OYO 649 Nha Khach 683 có nhà hàng nào?, ",,,,,,,,36.0,,https://www.tripadvisor.com.vn/Hotel_Review-g16740551-d19958521-Reviews-OYO_649_Nha_Khach_683-Lien_Chieu_Da_Nang.html,
"269 Hồ Nghinh Phường Phước Mỹ, Quận Sơn Trà, Đà Nẵng 550000 Việt Nam",,,,,Kelly's Apartment,7,Việt Nam,"Việt Nam,Đà Nẵng,7","Gần Kelly's Apartment có điểm du lịch nổi tiếng nào?, ,Kelly's Apartment có những tiện nghi tại cơ sở kinh doanh gì?, ,Kelly's Apartment có những lựa chọn đồ ăn & đồ uống gì?, ,Kelly's Apartment có chỗ đỗ xe không?, ,Gần Kelly's Apartment có nhà hàng nào?, ,Kelly's Apartment có dịch vụ đưa đón tại sân bay không?, ",,,,,30.0,,,7.0,,https://www.tripadvisor.com.vn/Hotel_Review-g298085-d14111521-Reviews-Kelly_s_Apartment-Da_Nang.html,
"The Ocean Villas, Hòa Hải, Ngũ Hành Sơn, Đà Nẵng Việt Nam",63.0,43.0,,,Hepro Beach Villas,3,Việt Nam,"Việt Nam,Đà Nẵng,3","Gần Hepro Beach Villas có điểm du lịch nổi tiếng nào?, ,Hepro Beach Villas có những tiện nghi tại cơ sở kinh doanh gì?, ,Hepro Beach Villas có những lựa chọn đồ ăn & đồ uống gì?, ,Hepro Beach Villas có chỗ đỗ xe không?, ,Gần Hepro Beach Villas có nhà hàng nào?, ,Tôi có thể tập thể dục tại Hepro Beach Villas không?, ",,,,,,567.0,,3.0,,https://www.tripadvisor.com.vn/Hotel_Review-g298085-d18978523-Reviews-Hepro_Beach_Villas-Da_Nang.html,
"Số 69, Nước Mặn 5, Phường Khuê Mỹ, Quận Ngũ Hành Sơn Carmen Apartment Da Nang, Đà Nẵng Việt Nam",,,,,Carmen Apartment Da Nang,,Việt Nam,"Việt Nam,Đà Nẵng","Gần Carmen Apartment Da Nang có điểm du lịch nổi tiếng nào?, ,Gần Carmen Apartment Da Nang có nhà hàng nào?, ",,,,,,,,,,https://www.tripadvisor.com.vn/Hotel_Review-g298085-d23377506-Reviews-Carmen_Apartment_Da_Nang-Da_Nang.html,
"388 Võ Nguyên Giáp Ngũ Hành Sơn, Đà Nẵng 50000 Việt Nam",4.0,65.0,35.0,"Tiếng Việt, Tiếng Anh, Tiếng Pháp, Tiếng Nga",Tehana Beach Hotel Đà Nẵng,24,Việt Nam,"Việt Nam,Đà Nẵng,24","Gần Tehana Beach Hotel Đà Nẵng có điểm du lịch nổi tiếng nào?, ,Tehana Beach Hotel Đà Nẵng có những tiện nghi tại cơ sở kinh doanh gì?, ,Tehana Beach Hotel Đà Nẵng có những tiện nghi phòng gì?, ,Tehana Beach Hotel Đà Nẵng có những lựa chọn đồ ăn & đồ uống gì?, ,Tehana Beach Hotel Đà Nẵng có chỗ đỗ xe không?, ,Gần Tehana Beach Hotel Đà Nẵng có nhà hàng nào?, ,Tehana Beach Hotel Đà Nẵng có dịch vụ đưa đón tại sân bay không?, ,Tehana Beach Hotel Đà Nẵng có dịch vụ dọn phòng không?, ,Tehana Beach Hotel Đà Nẵng có cung cấp dịch vụ doanh nghiệp nào không?, ,Nhân viên tại Tehana Beach Hotel Đà Nẵng nói ngôn ngữ gì?, ",1.0,1.0,Số 349 trong 900 khách sạn tại Đà Nẵng,50.0,,45.0,Tuyệt vời,24.0,,https://www.tripadvisor.com.vn/Hotel_Review-g298085-d21401586-Reviews-Tehana_Beach_Hotel_Da_Nang-Da_Nang.html,1.0
"82 Ba Huyen Thanh Quan, Đà Nẵng Việt Nam",5.0,68.0,,,Nha Nghi Thien Trung Duong,,Việt Nam,"Việt Nam,Đà Nẵng","Gần Nha Nghi Thien Trung Duong có điểm du lịch nổi tiếng nào?, ",,,,,,67.0,,,,https://www.tripadvisor.com.vn/Hotel_Review-g298085-d17606645-Reviews-Nha_Nghi_Thien_Trung_Duong-Da_Nang.html,
"352-354 Võ Nguyên Giáp Mỹ An, Ngũ Hành Sơn, Đà Nẵng 550000 Việt Nam",3.0,66.0,1.0,,Sea Flower Hotel Da Nang,30,Việt Nam,"Việt Nam,Đà Nẵng,30","Gần Sea Flower Hotel Da Nang có điểm du lịch nổi tiếng nào?, ,Sea Flower Hotel Da Nang có những tiện nghi tại cơ sở kinh doanh gì?, ,Sea Flower Hotel Da Nang có những lựa chọn đồ ăn & đồ uống gì?, ,Sea Flower Hotel Da Nang có chỗ đỗ xe không?, ,Gần Sea Flower Hotel Da Nang có nhà hàng nào?, ,Tôi có thể tập thể dục tại Sea Flower Hotel Da Nang không?, ",1.0,1.0,Số 455 trong 900 khách sạn tại Đà Nẵng,10.0,30.0,44.0,Kinh khủng,30.0,,https://www.tripadvisor.com.vn/Hotel_Review-g298085-d15698400-Reviews-Sea_Flower_Hotel_Da_Nang-Da_Nang.html,1.0
"227 Hồ Nghinh, Phuoc My, Đà Nẵng 550000 Việt Nam",12.0,100.0,20.0,"Tiếng Việt, Tiếng Anh, Tiếng Hàn",OYO 389 Gold Summer Hotel,1.159.091 ₫,250.000 ₫,"250.000 ₫, - ,1.159.091 ₫","Gần OYO 389 Gold Summer Hotel có điểm du lịch nổi tiếng nào?, ,OYO 389 Gold Summer Hotel có những tiện nghi tại cơ sở kinh doanh gì?, ,OYO 389 Gold Summer Hotel có những tiện nghi phòng gì?, ,OYO 389 Gold Summer Hotel có những lựa chọn đồ ăn & đồ uống gì?, ,OYO 389 Gold Summer Hotel có chỗ đỗ xe không?, ,Gần OYO 389 Gold Summer Hotel có nhà hàng nào?, ,OYO 389 Gold Summer Hotel có dịch vụ đưa đón tại sân bay không?, ,OYO 389 Gold Summer Hotel có dịch vụ đưa đón tại sân bay không?, ,OYO 389 Gold Summer Hotel có nằm gần trung tâm thành phố không?, ,Nhân viên tại OYO 389 Gold Summer Hotel nói ngôn ngữ gì?, ,OYO 389 Gold Summer Hotel có trợ năng không?, ",8.0,123.0,Số 3 trong 17 khách sạn tại Phuoc My,40.0,30.0,87.0,Rất tốt,22.0,Hiện đại,https://www.tripadvisor.com.vn/Hotel_Review-g19779171-d7937403-Reviews-OYO_389_Gold_Summer_Hotel-Phuoc_My_Son_Tra_Peninsula_Da_Nang.html,2.0
"170 Vo Nguyen Giap, Đà Nẵng 550000 Việt Nam",,,15.0,,Radisson Hotel Danang,,Việt Nam,"Việt Nam,Đà Nẵng",,37.0,2.0,Số 288 trong 900 khách sạn tại Đà Nẵng,50.0,40.0,,Tuyệt vời,,,https://www.tripadvisor.com.vn/Hotel_Review-g298085-d23169144-Reviews-Radisson_Hotel_Danang-Da_Nang.html,11.0
"30-B2.1 Ngo Thi Si Khu An Thuong, Đà Nẵng 511 Việt Nam",9.0,74.0,32.0,,Indochine Danang Hotel,25,Việt Nam,"Việt Nam,Đà Nẵng,25","Gần Indochine Danang Hotel có điểm du lịch nổi tiếng nào?, ,Indochine Danang Hotel có những tiện nghi tại cơ sở kinh doanh gì?, ,Indochine Danang Hotel có những lựa chọn đồ ăn & đồ uống gì?, ,Indochine Danang Hotel có chỗ đỗ xe không?, ,Gần Indochine Danang Hotel có nhà hàng nào?, ",17.0,124.0,Số 181 trong 900 khách sạn tại Đà Nẵng,40.0,,145.0,Rất tốt,25.0,,https://www.tripadvisor.com.vn/Hotel_Review-g298085-d2096990-Reviews-Indochine_Danang_Hotel-Da_Nang.html,6.0
"102-104 Hồ Xuân Hương, Quận Ngũ Hành Sơn, Đà Nẵng 550000 Việt Nam",5.0,65.0,46.0,,Khách sạn Titan Đà Nẵng,568.182 ₫,363.636 ₫,"363.636 ₫, - ,568.182 ₫","Gần Khách sạn Titan Đà Nẵng có điểm du lịch nổi tiếng nào?, ,Khách sạn Titan Đà Nẵng có những tiện nghi tại cơ sở kinh doanh gì?, ,Khách sạn Titan Đà Nẵng có những tiện nghi phòng gì?, ,Khách sạn Titan Đà Nẵng có những lựa chọn đồ ăn & đồ uống gì?, ,Khách sạn Titan Đà Nẵng có chỗ đỗ xe không?, ,Gần Khách sạn Titan Đà Nẵng có nhà hàng nào?, ,Khách sạn Titan Đà Nẵng có dịch vụ đưa đón tại sân bay không?, ,Khách sạn Titan Đà Nẵng có dịch vụ dọn phòng không?, ",69.0,125.0,Số 133 trong 900 khách sạn tại Đà Nẵng,40.0,30.0,40.0,Rất tốt,45.0,Gia đình,https://www.tripadvisor.com.vn/Hotel_Review-g298085-d9454948-Reviews-Titan_Hotel_Da_Nang-Da_Nang.html,5.0
"258 Võ Nguyên Giáp, Đà Nẵng 550000 Việt Nam",4.0,60.0,141.0,"Tiếng Việt, Tiếng Anh, Tiếng Hàn",DLG Hotel,2.772.727 ₫,1.272.727 ₫,"1.272.727 ₫, - ,2.772.727 ₫","Gần DLG Hotel có điểm du lịch nổi tiếng nào?, ,DLG Hotel có những tiện nghi tại cơ sở kinh doanh gì?, ,DLG Hotel có những tiện nghi phòng gì?, ,DLG Hotel có những lựa chọn đồ ăn & đồ uống gì?, ,DLG Hotel có chỗ đỗ xe không?, ,Gần DLG Hotel có nhà hàng nào?, ,Tôi có thể tập thể dục tại DLG Hotel không?, ,DLG Hotel có dịch vụ đưa đón tại sân bay không?, ,DLG Hotel có dịch vụ dọn phòng không?, ,DLG Hotel có cung cấp dịch vụ doanh nghiệp nào không?, ",76.0,126.0,Số 33 trong 900 khách sạn tại Đà Nẵng,50.0,50.0,22.0,Tuyệt vời,237.0,"Thời thượng,Công tác",https://www.tripadvisor.com.vn/Hotel_Review-g298085-d14094174-Reviews-DLG_Hotel-Da_Nang.html,33.0
"132-134-136 Bach Dang Street, Đà Nẵng 550000 Việt Nam",23.0,91.0,84.0,"Tiếng Việt, Tiếng Anh",Sun River Hotel,1.090.909 ₫,545.455 ₫,"545.455 ₫, - ,1.090.909 ₫","Gần Sun River Hotel có điểm du lịch nổi tiếng nào?, ,Sun River Hotel có những tiện nghi tại cơ sở kinh doanh gì?, ,Sun River Hotel có những tiện nghi phòng gì?, ,Sun River Hotel có những lựa chọn đồ ăn & đồ uống gì?, ,Sun River Hotel có chỗ đỗ xe không?, ,Gần Sun River Hotel có nhà hàng nào?, ,Sun River Hotel có dịch vụ đưa đón tại sân bay không?, ,Sun River Hotel có dịch vụ đưa đón tại sân bay không?, ,Sun River Hotel có dịch vụ dọn phòng không?, ,Sun River Hotel có cung cấp dịch vụ doanh nghiệp nào không?, ",56.0,126.0,Số 163 trong 900 khách sạn tại Đà Nẵng,35.0,30.0,141.0,Rất tốt,50.0,"Ngắm cảnh sông,Nằm ở vị trí trung tâm",https://www.tripadvisor.com.vn/Hotel_Review-g298085-d1655723-Reviews-Sun_River_Hotel-Da_Nang.html,11.0
"15-16 Hoàng Sa Sơn Trà, Đà Nẵng 550000 Việt Nam",2.0,48.0,134.0,"Tiếng Việt, Tiếng Anh, Tiếng Trung, Tiếng Hàn",Seashore Hotel - Apartment,1.090.909 ₫,545.455 ₫,"545.455 ₫, - ,1.090.909 ₫","Gần Seashore Hotel - Apartment có điểm du lịch nổi tiếng nào?, ,Seashore Hotel - Apartment có những tiện nghi tại cơ sở kinh doanh gì?, ,Seashore Hotel - Apartment có những tiện nghi phòng gì?, ,Seashore Hotel - Apartment có những lựa chọn đồ ăn & đồ uống gì?, ,Seashore Hotel - Apartment có chỗ đỗ xe không?, ,Gần Seashore Hotel - Apartment có nhà hàng nào?, ,Tôi có thể tập thể dục tại Seashore Hotel - Apartment không?, ,Seashore Hotel - Apartment có dịch vụ đưa đón tại sân bay không?, ,Seashore Hotel - Apartment có dịch vụ đưa đón tại sân bay không?, ,Seashore Hotel - Apartment có dịch vụ dọn phòng không?, ,Seashore Hotel - Apartment có cung cấp dịch vụ doanh nghiệp nào không?, ",60.0,126.0,Số 94 trong 900 khách sạn tại Đà Nẵng,45.0,30.0,20.0,Tuyệt vời,80.0,"Lãng mạn,Ngắm cảnh biển",https://www.tripadvisor.com.vn/Hotel_Review-g298085-d14969237-Reviews-Seashore_Hotel_Apartment-Da_Nang.html,13.0
"Lô A2 Đường 2/9 Quận hải châu, Đà Nẵng 550000 Việt Nam",8.0,58.0,95.0,Tiếng Việt,Khách sạn Grand Cititel Đà Nẵng,1.613.636 ₫,727.273 ₫,"727.273 ₫, - ,1.613.636 ₫","Gần Khách sạn Grand Cititel Đà Nẵng có điểm du lịch nổi tiếng nào?, ,Khách sạn Grand Cititel Đà Nẵng có những tiện nghi tại cơ sở kinh doanh gì?, ,Khách sạn Grand Cititel Đà Nẵng có những lựa chọn đồ ăn & đồ uống gì?, ,Gần Khách sạn Grand Cititel Đà Nẵng có nhà hàng nào?, ,Tôi có thể tập thể dục tại Khách sạn Grand Cititel Đà Nẵng không?, ,Khách sạn Grand Cititel Đà Nẵng có dịch vụ đưa đón tại sân bay không?, ",63.0,126.0,Số 15 trong 900 khách sạn tại Đà Nẵng,50.0,30.0,31.0,Tuyệt vời,90.0,"Công tác,Quyến rũ",https://www.tripadvisor.com.vn/Hotel_Review-g298085-d15521854-Reviews-Grand_Cititel_Danang_Hotel-Da_Nang.html,42.0
"A2.3 Hoàng Sa Street Tho Quang Ward, Son Tra District, Đà Nẵng 550000 Việt Nam",1.0,39.0,156.0,"Tiếng Việt, Tiếng Anh",The Code Hotel & Spa,1.977.273 ₫,931.818 ₫,"931.818 ₫, - ,1.977.273 ₫","Gần The Code Hotel & Spa có điểm du lịch nổi tiếng nào?, ,The Code Hotel & Spa có những tiện nghi tại cơ sở kinh doanh gì?, ,The Code Hotel & Spa có những tiện nghi phòng gì?, ,The Code Hotel & Spa có những lựa chọn đồ ăn & đồ uống gì?, ,The Code Hotel & Spa có chỗ đỗ xe không?, ,Gần The Code Hotel & Spa có nhà hàng nào?, ,Tôi có thể tập thể dục tại The Code Hotel & Spa không?, ,The Code Hotel & Spa có dịch vụ đưa đón tại sân bay không?, ,The Code Hotel & Spa có dịch vụ dọn phòng không?, ,The Code Hotel & Spa có cho phép vật nuôi không?, ,The Code Hotel & Spa có cung cấp dịch vụ doanh nghiệp nào không?, ",53.0,126.0,Số 22 trong 900 khách sạn tại Đà Nẵng,50.0,30.0,13.0,Tuyệt vời,110.0,Lãng mạn,https://www.tripadvisor.com.vn/Hotel_Review-g298085-d16820992-Reviews-The_Code_Hotel_Spa-Da_Nang.html,20.0
"85-87 Hà Bổng, P. Phước Mỹ, Q. Sơn Trà, Đà Nẵng 550000 Việt Nam",12.0,84.0,177.0,"Tiếng Việt, Tiếng Anh",Khách sạn Le House,772.727 ₫,431.818 ₫,"431.818 ₫, - ,772.727 ₫","Gần Khách sạn Le House có điểm du lịch nổi tiếng nào?, ,Khách sạn Le House có những tiện nghi tại cơ sở kinh doanh gì?, ,Khách sạn Le House có những tiện nghi phòng gì?, ,Khách sạn Le House có những lựa chọn đồ ăn & đồ uống gì?, ,Khách sạn Le House có chỗ đỗ xe không?, ,Gần Khách sạn Le House có nhà hàng nào?, ,Khách sạn Le House có dịch vụ đưa đón tại sân bay không?, ,Khách sạn Le House có dịch vụ dọn phòng không?, ,Nhân viên tại Khách sạn Le House nói ngôn ngữ gì?, ,Khách sạn Le House có tầm nhìn đẹp không?, ",61.0,132.0,Số 112 trong 900 khách sạn tại Đà Nẵng,45.0,30.0,85.0,Tuyệt vời,49.0,"Nhỏ và sang trọng,Thời thượng",https://www.tripadvisor.com.vn/Hotel_Review-g298085-d8462721-Reviews-Le_House_Boutique_Hotel-Da_Nang.html,23.0
"170, Bạch Đằng, Quận Hải Châu 170, Bạch Đằng, Quận Hải Châu, Đà Nẵng, Việt Nam, Đà Nẵng 550000 Việt Nam",25.0,92.0,164.0,"Tiếng Việt, Tiếng Anh",Khách Sạn Avora,954.545 ₫,727.273 ₫,"727.273 ₫, - ,954.545 ₫","Gần Khách Sạn Avora có điểm du lịch nổi tiếng nào?, ,Khách Sạn Avora có những tiện nghi tại cơ sở kinh doanh gì?, ,Khách Sạn Avora có những tiện nghi phòng gì?, ,Khách Sạn Avora có những lựa chọn đồ ăn & đồ uống gì?, ,Khách Sạn Avora có chỗ đỗ xe không?, ,Gần Khách Sạn Avora có nhà hàng nào?, ,Khách Sạn Avora có dịch vụ dọn phòng không?, ,Nhân viên tại Khách Sạn Avora nói ngôn ngữ gì?, ",93.0,139.0,Số 104 trong 900 khách sạn tại Đà Nẵng,45.0,30.0,145.0,Tuyệt vời,33.0,"Nằm ở vị trí trung tâm,Tầm nhìn đẹp",https://www.tripadvisor.com.vn/Hotel_Review-g298085-d12006927-Reviews-AVORA_Hotel_Danang-Da_Nang.html,31.0
"Đường Hoàng Sa Thọ Quang, Sơn Trà, Đà Nẵng 700000 Việt Nam",162.0,43.0,267.0,,Sơn Trà Resort &Spa,5.090.909 ₫,2.590.909 ₫,"2.590.909 ₫, - ,5.090.909 ₫","Gần Sơn Trà Resort &Spa có điểm du lịch nổi tiếng nào?, ,Sơn Trà Resort &Spa có những tiện nghi tại cơ sở kinh doanh gì?, ,Sơn Trà Resort &Spa có những tiện nghi phòng gì?, ,Sơn Trà Resort &Spa có những lựa chọn đồ ăn & đồ uống gì?, ,Sơn Trà Resort &Spa có chỗ đỗ xe không?, ,Gần Sơn Trà Resort &Spa có nhà hàng nào?, ,Tôi có thể tập thể dục tại Sơn Trà Resort &Spa không?, ,Sơn Trà Resort &Spa có dịch vụ đưa đón tại sân bay không?, ,Sơn Trà Resort &Spa có dịch vụ dọn phòng không?, ,Sơn Trà Resort &Spa có tầm nhìn đẹp không?, ",147.0,139.0,Số 48 trong 813 Cơ sở lưu trú đặc biệt tại Đà Nẵng,35.0,40.0,1203.0,Rất tốt,24.0,"Ngắm cảnh biển,Tầm nhìn đẹp",https://www.tripadvisor.com.vn/Hotel_Review-g298085-d1656977-Reviews-Son_Tra_Resort_Spa-Da_Nang.html,84.0
,,,,,San Apartment,Son Tra Peninsula,Việt Nam,"Việt Nam,Đà Nẵng,Son Tra Peninsula",,,,,,,,,,,https://www.tripadvisor.com.vn/Hotel_Review-g15327804-d23357730-Reviews-San_Apartment-An_Hai_Dong_Son_Tra_Peninsula_Da_Nang.html,
"55 An Trung Đong 7, An Hai Dong, Đà Nẵng Việt Nam",1.0,81.0,,,Hanna House,Son Tra Peninsula,Việt Nam,"Việt Nam,Đà Nẵng,Son Tra Peninsula","Gần Hanna House có điểm du lịch nổi tiếng nào?, ,Gần Hanna House có nhà hàng nào?, ",,,,,,14.0,,,,https://www.tripadvisor.com.vn/Hotel_Review-g15327804-d23181360-Reviews-Hanna_House-An_Hai_Dong_Son_Tra_Peninsula_Da_Nang.html,
"925/5 Ngô Quyền, An Hai Dong, Đà Nẵng 550000 Việt Nam",10.0,87.0,,,OYO 1054 Rong Vang Hotel,Son Tra Peninsula,Việt Nam,"Việt Nam,Đà Nẵng,Son Tra Peninsula","Gần OYO 1054 Rong Vang Hotel có điểm du lịch nổi tiếng nào?, ,Gần OYO 1054 Rong Vang Hotel có nhà hàng nào?, ",,,,,,35.0,,18.0,,https://www.tripadvisor.com.vn/Hotel_Review-g15327804-d21106956-Reviews-OYO_1054_Rong_Vang_Hotel-An_Hai_Dong_Son_Tra_Peninsula_Da_Nang.html,
,,,,,A25 Hotel,Son Tra Peninsula,Việt Nam,"Việt Nam,Đà Nẵng,Son Tra Peninsula",,,,,,,,,,,https://www.tripadvisor.com.vn/Hotel_Review-g23338312-d23343830-Reviews-A25_Hotel-Nai_Hien_Dong_Son_Tra_Peninsula_Da_Nang.html,
"115 Ha Ky Ngo, Phuoc My, Đà Nẵng 550000 Việt Nam",1.0,75.0,,,ChaCa House,Son Tra Peninsula,Việt Nam,"Việt Nam,Đà Nẵng,Son Tra Peninsula","Gần ChaCa House có điểm du lịch nổi tiếng nào?, ",,,,,,20.0,,,,https://www.tripadvisor.com.vn/Hotel_Review-g19779171-d21377431-Reviews-ChaCa_House-Phuoc_My_Son_Tra_Peninsula_Da_Nang.html,
"Lo 35 - B3 11 Phan Ba Vanh, Nai Hien Dong, Đà Nẵng Việt Nam",202.0,43.0,,,Mango House,Son Tra Peninsula,Việt Nam,"Việt Nam,Đà Nẵng,Son Tra Peninsula","Gần Mango House có điểm du lịch nổi tiếng nào?, ,Gần Mango House có nhà hàng nào?, ,Mango House có nằm gần trung tâm thành phố không?, ",,,,,,1441.0,,,,https://www.tripadvisor.com.vn/Hotel_Review-g23338312-d23337718-Reviews-Mango_House-Nai_Hien_Dong_Son_Tra_Peninsula_Da_Nang.html,
"TT113 Dường Hoàng Sa, Đà Nẵng 550000 Việt Nam",1.0,42.0,1.0,,Nguyen Gia Hotel,Son Tra Peninsula,Việt Nam,"Việt Nam,Đà Nẵng,Son Tra Peninsula","Gần Nguyen Gia Hotel có điểm du lịch nổi tiếng nào?, ",27.0,1.0,Số 18 trong 81 khách sạn tại Son Tra Peninsula,50.0,30.0,13.0,Tuyệt vời,,,https://www.tripadvisor.com.vn/Hotel_Review-g17786366-d23333380-Reviews-Nguyen_Gia_Hotel-Son_Tra_Peninsula_Da_Nang.html,2.0
,,,,,Zoneland Premium - Ngoc Lan Hotel,Son Tra Peninsula,Việt Nam,"Việt Nam,Đà Nẵng,Son Tra Peninsula",,,,,,30.0,,,8.0,,https://www.tripadvisor.com.vn/Hotel_Review-g19935676-d21133226-Reviews-Zoneland_Premium_Ngoc_Lan_Hotel-An_Hai_Bac_Son_Tra_Peninsula_Da_Nang.html,
"311 Chinh Huu, Phuong Phuoc My, Đà Nẵng Việt Nam",1.0,78.0,,,Fun House Hotel & Apartment,Son Tra Peninsula,Việt Nam,"Việt Nam,Đà Nẵng,Son Tra Peninsula","Gần Fun House Hotel & Apartment có điểm du lịch nổi tiếng nào?, ",,,,,,33.0,,,,https://www.tripadvisor.com.vn/Hotel_Review-g17786366-d21210549-Reviews-Fun_House_Hotel_Apartment-Son_Tra_Peninsula_Da_Nang.html,
,,,,,Happyhouse Apartment Danang,Son Tra Peninsula,Việt Nam,"Việt Nam,Đà Nẵng,Son Tra Peninsula",,,,,,,,,,,https://www.tripadvisor.com.vn/Hotel_Review-g17786366-d21302110-Reviews-Happyhouse_Apartment_Danang-Son_Tra_Peninsula_Da_Nang.html,
"74/31 Vo Van Kiet, Đà Nẵng Việt Nam",1.0,75.0,,,The Nang Suites,Son Tra Peninsula,Việt Nam,"Việt Nam,Đà Nẵng,Son Tra Peninsula","Gần The Nang Suites có điểm du lịch nổi tiếng nào?, ",,,,,,21.0,,,,https://www.tripadvisor.com.vn/Hotel_Review-g17786366-d21301678-Reviews-The_Nang_Suites-Son_Tra_Peninsula_Da_Nang.html,
"36 Pham Van Đong, Đà Nẵng 550000 Việt Nam",10.0,89.0,,,HMN Hotel & Apartment,Son Tra Peninsula,Việt Nam,"Việt Nam,Đà Nẵng,Son Tra Peninsula","Gần HMN Hotel & Apartment có điểm du lịch nổi tiếng nào?, ",,,,,,73.0,,,,https://www.tripadvisor.com.vn/Hotel_Review-g17786366-d21507349-Reviews-HMN_Hotel_Apartment-Son_Tra_Peninsula_Da_Nang.html,
,,,,,MT Hotel,Son Tra Peninsula,Việt Nam,"Việt Nam,Đà Nẵng,Son Tra Peninsula",,,,,,,,,,,https://www.tripadvisor.com.vn/Hotel_Review-g17786366-d21504960-Reviews-MT_Hotel-Son_Tra_Peninsula_Da_Nang.html,
"86 Loseby, Đà Nẵng 550000 Việt Nam",3.0,86.0,,,Rich Home Hotel,Son Tra Peninsula,Việt Nam,"Việt Nam,Đà Nẵng,Son Tra Peninsula","Gần Rich Home Hotel có điểm du lịch nổi tiếng nào?, ",,,,,,39.0,,,,https://www.tripadvisor.com.vn/Hotel_Review-g17786366-d23337944-Reviews-Rich_Home_Hotel-Son_Tra_Peninsula_Da_Nang.html,
,,,,,My Phuc Homestay,Son Tra Peninsula,Việt Nam,"Việt Nam,Đà Nẵng,Son Tra Peninsula",,,,,,,,,,,https://www.tripadvisor.com.vn/Hotel_Review-g17786366-d23389048-Reviews-My_Phuc_Homestay-Son_Tra_Peninsula_Da_Nang.html,
,,,,,Rich Home Hotel,Son Tra Peninsula,Việt Nam,"Việt Nam,Đà Nẵng,Son Tra Peninsula",,,,,,,,,,,https://www.tripadvisor.com.vn/Hotel_Review-g17786366-d23337995-Reviews-Rich_Home_Hotel-Son_Tra_Peninsula_Da_Nang.html,
"97 Hà Kỳ Ngộ, Đà Nẵng Việt Nam",4.0,57.0,,,Diamond Apartment,Son Tra Peninsula,Việt Nam,"Việt Nam,Đà Nẵng,Son Tra Peninsula","Gần Diamond Apartment có điểm du lịch nổi tiếng nào?, ",,,,,,40.0,,,,https://www.tripadvisor.com.vn/Hotel_Review-g17786366-d23362711-Reviews-Diamond_Apartment-Son_Tra_Peninsula_Da_Nang.html,
,,,,,La Mer Studio,Son Tra Peninsula,Việt Nam,"Việt Nam,Đà Nẵng,Son Tra Peninsula",,,,,,,,,,,https://www.tripadvisor.com.vn/Hotel_Review-g17786366-d23352354-Reviews-La_Mer_Studio-Son_Tra_Peninsula_Da_Nang.html,
"21 Pham Tu, Đà Nẵng Việt Nam",8.0,92.0,,,Nha Nghi Hai Anh,Son Tra Peninsula,Việt Nam,"Việt Nam,Đà Nẵng,Son Tra Peninsula","Gần Nha Nghi Hai Anh có điểm du lịch nổi tiếng nào?, ",,,,,,75.0,,,,https://www.tripadvisor.com.vn/Hotel_Review-g17786366-d17758924-Reviews-Nha_Nghi_Hai_Anh-Son_Tra_Peninsula_Da_Nang.html,
,,,,,An Homestay,Son Tra Peninsula,Việt Nam,"Việt Nam,Đà Nẵng,Son Tra Peninsula",,,,,,,,,,,https://www.tripadvisor.com.vn/Hotel_Review-g17786366-d23433547-Reviews-An_Homestay-Son_Tra_Peninsula_Da_Nang.html,
,,,,,Tien Sa 2 Hotel Da Nang,Son Tra Peninsula,Việt Nam,"Việt Nam,Đà Nẵng,Son Tra Peninsula",,,,,,,,,,,https://www.tripadvisor.com.vn/Hotel_Review-g17786366-d20980368-Reviews-Tien_Sa_2_Hotel_Da_Nang-Son_Tra_Peninsula_Da_Nang.html,
"166 Chính Hữu, Đà Nẵng Việt Nam",2.0,79.0,,,Tony Hotel & Apartment,Son Tra Peninsula,Việt Nam,"Việt Nam,Đà Nẵng,Son Tra Peninsula","Gần Tony Hotel & Apartment có điểm du lịch nổi tiếng nào?, ",,1.0,Số 20 trong 81 khách sạn tại Son Tra Peninsula,30.0,,40.0,Trung bình,,,https://www.tripadvisor.com.vn/Hotel_Review-g17786366-d21139640-Reviews-Tony_Hotel_Apartment-Son_Tra_Peninsula_Da_Nang.html,
,,,,,Park View Apartment,Son Tra Peninsula,Việt Nam,"Việt Nam,Đà Nẵng,Son Tra Peninsula",,,,,,,,,,,https://www.tripadvisor.com.vn/Hotel_Review-g19779171-d22844549-Reviews-Park_View_Apartment-Phuoc_My_Son_Tra_Peninsula_Da_Nang.html,
,,,,,Ah Hanh's Villa,Son Tra Peninsula,Việt Nam,"Việt Nam,Đà Nẵng,Son Tra Peninsula",,,,,,,,,,,https://www.tripadvisor.com.vn/Hotel_Review-g17786366-d21459580-Reviews-Ah_Hanh_s_Villa-Son_Tra_Peninsula_Da_Nang.html,
"35 Phước Trường 11, Đà Nẵng Việt Nam",3.0,77.0,,,Yen House & Coffee,Son Tra Peninsula,Việt Nam,"Việt Nam,Đà Nẵng,Son Tra Peninsula","Gần Yen House & Coffee có điểm du lịch nổi tiếng nào?, ",,,,,,31.0,,,,https://www.tripadvisor.com.vn/Hotel_Review-g17786366-d23327408-Reviews-Yen_House_Coffee-Son_Tra_Peninsula_Da_Nang.html,
"167 Trần Hưng Đạo, Đà Nẵng Việt Nam",2.0,72.0,,,Phu Khang Hotel,Son Tra Peninsula,Việt Nam,"Việt Nam,Đà Nẵng,Son Tra Peninsula","Gần Phu Khang Hotel có điểm du lịch nổi tiếng nào?, ,Gần Phu Khang Hotel có nhà hàng nào?, ",,,,,,22.0,,,,https://www.tripadvisor.com.vn/Hotel_Review-g17786366-d21504705-Reviews-Phu_Khang_Hotel-Son_Tra_Peninsula_Da_Nang.html,
,,,,,Arrive Hotel And Suite,Son Tra Peninsula,Việt Nam,"Việt Nam,Đà Nẵng,Son Tra Peninsula",,,,,,,,,,,https://www.tripadvisor.com.vn/Hotel_Review-g19779171-d21179347-Reviews-Arrive_Hotel_And_Suite-Phuoc_My_Son_Tra_Peninsula_Da_Nang.html,
"107 Vo Nguyen Giap, Đà Nẵng 550000 Việt Nam",2.0,53.0,,,Champa Villa - Furama Villas Danang,Son Tra Peninsula,Việt Nam,"Việt Nam,Đà Nẵng,Son Tra Peninsula","Gần Champa Villa - Furama Villas Danang có điểm du lịch nổi tiếng nào?, ",,,,,,12.0,,,,https://www.tripadvisor.com.vn/Hotel_Review-g17786366-d22954331-Reviews-Champa_Villa_Furama_Villas_Danang-Son_Tra_Peninsula_Da_Nang.html,
"21 Ha Bong Phuoc My, Đà Nẵng 550000 Việt Nam",11.0,91.0,,,House Land Hotel Da Nang,Son Tra Peninsula,Việt Nam,"Việt Nam,Đà Nẵng,Son Tra Peninsula","Gần House Land Hotel Da Nang có điểm du lịch nổi tiếng nào?, ",,,,,,81.0,,19.0,,https://www.tripadvisor.com.vn/Hotel_Review-g17786366-d21506965-Reviews-House_Land_Hotel_Da_Nang-Son_Tra_Peninsula_Da_Nang.html,
,,,,,Khu Nghi Duong Galina Da Nang Mud Bath & Spa,Son Tra Peninsula,Việt Nam,"Việt Nam,Đà Nẵng,Son Tra Peninsula",,,,,,,,,,,https://www.tripadvisor.com.vn/Hotel_Review-g19779171-d23417731-Reviews-Khu_Nghi_Duong_Galina_Da_Nang_Mud_Bath_Spa-Phuoc_My_Son_Tra_Peninsula_Da_Nang.html,
,,,,,Little Beach Hotel Da Nang,Son Tra Peninsula,Việt Nam,"Việt Nam,Đà Nẵng,Son Tra Peninsula",,,,,,,,,,,https://www.tripadvisor.com.vn/Hotel_Review-g17786366-d21211170-Reviews-Little_Beach_Hotel_Da_Nang-Son_Tra_Peninsula_Da_Nang.html,
"10 Đinh Đạt, Đà Nẵng Việt Nam",1.0,61.0,,,Gom House,Son Tra Peninsula,Việt Nam,"Việt Nam,Đà Nẵng,Son Tra Peninsula","Gần Gom House có điểm du lịch nổi tiếng nào?, ",,,,,,19.0,,,,https://www.tripadvisor.com.vn/Hotel_Review-g17786366-d23520904-Reviews-Gom_House-Son_Tra_Peninsula_Da_Nang.html,
"75 Luong The Vinh, An Hai Dong, Đà Nẵng Việt Nam",1.0,86.0,,,OHome 75 Danang - Managed by Chiic Vacation,Son Tra Peninsula,Việt Nam,"Việt Nam,Đà Nẵng,Son Tra Peninsula","Gần OHome 75 Danang - Managed by Chiic Vacation có điểm du lịch nổi tiếng nào?, ,Gần OHome 75 Danang - Managed by Chiic Vacation có nhà hàng nào?, ",,,,,,29.0,,,,https://www.tripadvisor.com.vn/Hotel_Review-g15327804-d23373666-Reviews-OHome_75_Danang_Managed_by_Chiic_Vacation-An_Hai_Dong_Son_Tra_Peninsula_Da_Nang.html,
"38 Phuoc Truong 15, Đà Nẵng Việt Nam",3.0,78.0,,,Park View Apartment Da Nang,Son Tra Peninsula,Việt Nam,"Việt Nam,Đà Nẵng,Son Tra Peninsula","Gần Park View Apartment Da Nang có điểm du lịch nổi tiếng nào?, ",,,,,,36.0,,,,https://www.tripadvisor.com.vn/Hotel_Review-g17786366-d23193279-Reviews-Park_View_Apartment_Da_Nang-Son_Tra_Peninsula_Da_Nang.html,
"02- 04 Triệu Việt Vương, Đà Nẵng Việt Nam",10.0,85.0,,,Ocean Hotel,Son Tra Peninsula,Việt Nam,"Việt Nam,Đà Nẵng,Son Tra Peninsula","Gần Ocean Hotel có điểm du lịch nổi tiếng nào?, ",,,,,,28.0,,,,https://www.tripadvisor.com.vn/Hotel_Review-g17786366-d23522051-Reviews-Ocean_Hotel-Son_Tra_Peninsula_Da_Nang.html,
"Ho Nghinh 214, Đà Nẵng Việt Nam",12.0,89.0,,,Maya Hotel Danang,Son Tra Peninsula,Việt Nam,"Việt Nam,Đà Nẵng,Son Tra Peninsula","Gần Maya Hotel Danang có điểm du lịch nổi tiếng nào?, ",,,,,,87.0,,,,https://www.tripadvisor.com.vn/Hotel_Review-g17786366-d23263476-Reviews-Maya_Hotel_Danang-Son_Tra_Peninsula_Da_Nang.html,
,,,,,Da Nang Queen House Apartment,Son Tra Peninsula,Việt Nam,"Việt Nam,Đà Nẵng,Son Tra Peninsula",,,,,,,,,,,https://www.tripadvisor.com.vn/Hotel_Review-g17786366-d21046857-Reviews-Da_Nang_Queen_House_Apartment-Son_Tra_Peninsula_Da_Nang.html,
"24 Chinh Huu, Đà Nẵng Việt Nam",2.0,74.0,4.0,"Tiếng Việt, Tiếng Anh, Tiếng Hàn",Hồng Phương Hotel,Son Tra Peninsula,Việt Nam,"Việt Nam,Đà Nẵng,Son Tra Peninsula","Gần Hồng Phương Hotel có điểm du lịch nổi tiếng nào?, ,Hồng Phương Hotel có những tiện nghi tại cơ sở kinh doanh gì?, ,Hồng Phương Hotel có những tiện nghi phòng gì?, ,Hồng Phương Hotel có những lựa chọn đồ ăn & đồ uống gì?, ,Hồng Phương Hotel có chỗ đỗ xe không?, ,Gần Hồng Phương Hotel có nhà hàng nào?, ,Tôi có thể tập thể dục tại Hồng Phương Hotel không?, ,Hồng Phương Hotel có dịch vụ đưa đón tại sân bay không?, ,Hồng Phương Hotel có dịch vụ dọn phòng không?, ,Nhân viên tại Hồng Phương Hotel nói ngôn ngữ gì?, ",13.0,,,,,27.0,,50.0,,https://www.tripadvisor.com.vn/Hotel_Review-g17786366-d21508663-Reviews-Hong_Phuong_Hotel-Son_Tra_Peninsula_Da_Nang.html,2.0
"99 Ngo Quyen, Đà Nẵng Việt Nam",3.0,50.0,,,Phin Coffee House,Son Tra Peninsula,Việt Nam,"Việt Nam,Đà Nẵng,Son Tra Peninsula","Gần Phin Coffee House có điểm du lịch nổi tiếng nào?, ,Gần Phin Coffee House có nhà hàng nào?, ",,,,,,14.0,,,,https://www.tripadvisor.com.vn/Hotel_Review-g17786366-d23188703-Reviews-Phin_Coffee_House-Son_Tra_Peninsula_Da_Nang.html,
"K266/11 Duong Dinh Nghe, An Hai Bac, Đà Nẵng 550000 Việt Nam",6.0,90.0,,,La Vida House,Son Tra Peninsula,Việt Nam,"Việt Nam,Đà Nẵng,Son Tra Peninsula","Gần La Vida House có điểm du lịch nổi tiếng nào?, ,Gần La Vida House có nhà hàng nào?, ",,,,,,32.0,,,,https://www.tripadvisor.com.vn/Hotel_Review-g19935676-d21306027-Reviews-La_Vida_House-An_Hai_Bac_Son_Tra_Peninsula_Da_Nang.html,
"K266 Nguyen Cong Tru, Đà Nẵng Việt Nam",6.0,84.0,,,Bien Ngoc Motel,Son Tra Peninsula,Việt Nam,"Việt Nam,Đà Nẵng,Son Tra Peninsula","Gần Bien Ngoc Motel có điểm du lịch nổi tiếng nào?, ",,,,,,59.0,,,,https://www.tripadvisor.com.vn/Hotel_Review-g17786366-d17632474-Reviews-Bien_Ngoc_Motel-Son_Tra_Peninsula_Da_Nang.html,
"123 Tô Hiến Thành, Đà Nẵng Việt Nam",4.0,82.0,,,Orange House Hotel,Son Tra Peninsula,Việt Nam,"Việt Nam,Đà Nẵng,Son Tra Peninsula","Gần Orange House Hotel có điểm du lịch nổi tiếng nào?, ",,,,,,80.0,,,,https://www.tripadvisor.com.vn/Hotel_Review-g17786366-d21371119-Reviews-Orange_House_Hotel-Son_Tra_Peninsula_Da_Nang.html,
,,,,,Diamond Hotel,Son Tra Peninsula,Việt Nam,"Việt Nam,Đà Nẵng,Son Tra Peninsula",,,,,,30.0,,,,,https://www.tripadvisor.com.vn/Hotel_Review-g17786366-d22821695-Reviews-Diamond_Hotel-Son_Tra_Peninsula_Da_Nang.html,
"Lo 2, Khu B2 - 1 Duong Pho Duc Chinh, An Hai Bac, Đà Nẵng 550000 Việt Nam",6.0,56.0,,,OYO 990 Home 2 Hotel,Son Tra Peninsula,Việt Nam,"Việt Nam,Đà Nẵng,Son Tra Peninsula","Gần OYO 990 Home 2 Hotel có điểm du lịch nổi tiếng nào?, ",,,,,,48.0,,,,https://www.tripadvisor.com.vn/Hotel_Review-g17786366-d21092169-Reviews-OYO_990_Home_2_Hotel-Son_Tra_Peninsula_Da_Nang.html,
"59 Nguyễn Công Sáu-Phường Phước Mỹ, Đà Nẵng 550000 Việt Nam",4.0,85.0,,,The Dawn Hotel,Son Tra Peninsula,Việt Nam,"Việt Nam,Đà Nẵng,Son Tra Peninsula","Gần The Dawn Hotel có điểm du lịch nổi tiếng nào?, ",,,,,,44.0,,,,https://www.tripadvisor.com.vn/Hotel_Review-g17786366-d21499435-Reviews-The_Dawn_Hotel-Son_Tra_Peninsula_Da_Nang.html,
"14 Mai Hắc Đế, Đà Nẵng 550000 Việt Nam",10.0,82.0,,,Han Apartment,Son Tra Peninsula,Việt Nam,"Việt Nam,Đà Nẵng,Son Tra Peninsula","Gần Han Apartment có điểm du lịch nổi tiếng nào?, ",,,,,,30.0,,,,https://www.tripadvisor.com.vn/Hotel_Review-g17786366-d21461971-Reviews-Han_Apartment-Son_Tra_Peninsula_Da_Nang.html,
"21 Hồ Thấu, Đà Nẵng 550000 Việt Nam",4.0,60.0,,,Huy House Boutique Hotel,Son Tra Peninsula,Việt Nam,"Việt Nam,Đà Nẵng,Son Tra Peninsula","Gần Huy House Boutique Hotel có điểm du lịch nổi tiếng nào?, ",,,,,,43.0,,,,https://www.tripadvisor.com.vn/Hotel_Review-g17786366-d23331744-Reviews-Huy_House_Boutique_Hotel-Son_Tra_Peninsula_Da_Nang.html,
,,,,,Hoang Viet Apartment And Hotel,Son Tra Peninsula,Việt Nam,"Việt Nam,Đà Nẵng,Son Tra Peninsula",,,,,,,,,,,https://www.tripadvisor.com.vn/Hotel_Review-g19779171-d21179908-Reviews-Hoang_Viet_Apartment_And_Hotel-Phuoc_My_Son_Tra_Peninsula_Da_Nang.html,
,,,,,Phuong Tung Hotel,Son Tra Peninsula,Việt Nam,"Việt Nam,Đà Nẵng,Son Tra Peninsula",,,,,,,,,20.0,,https://www.tripadvisor.com.vn/Hotel_Review-g19779171-d23678924-Reviews-Phuong_Tung_Hotel-Phuoc_My_Son_Tra_Peninsula_Da_Nang.html,
"30/1a Ha Bong, Phuoc My, Đà Nẵng 550000 Việt Nam",12.0,100.0,,,Son Hoa Motel,Son Tra Peninsula,Việt Nam,"Việt Nam,Đà Nẵng,Son Tra Peninsula","Gần Son Hoa Motel có điểm du lịch nổi tiếng nào?, ,Gần Son Hoa Motel có nhà hàng nào?, ",,,,,,84.0,,,,https://www.tripadvisor.com.vn/Hotel_Review-g19779171-d21406306-Reviews-Son_Hoa_Motel-Phuoc_My_Son_Tra_Peninsula_Da_Nang.html,
,,,,,Hotel Song Thu,Son Tra Peninsula,Việt Nam,"Việt Nam,Đà Nẵng,Son Tra Peninsula",,,,,,,,,,,https://www.tripadvisor.com.vn/Hotel_Review-g19779171-d21512310-Reviews-Hotel_Song_Thu-Phuoc_My_Son_Tra_Peninsula_Da_Nang.html,
,,,,,Sea House Hotel & Apartment,Son Tra Peninsula,Việt Nam,"Việt Nam,Đà Nẵng,Son Tra Peninsula",,,,,,,,,,,https://www.tripadvisor.com.vn/Hotel_Review-g19779171-d21224780-Reviews-Sea_House_Hotel_Apartment-Phuoc_My_Son_Tra_Peninsula_Da_Nang.html,
"K169 Ngo Quyen, Tho Quang, Đà Nẵng 550000 Việt Nam",11.0,92.0,,,Homestay,Son Tra Peninsula,Việt Nam,"Việt Nam,Đà Nẵng,Son Tra Peninsula","Gần Homestay có điểm du lịch nổi tiếng nào?, ,Gần Homestay có nhà hàng nào?, ",,,,,,43.0,,,,https://www.tripadvisor.com.vn/Hotel_Review-g15339118-d15240172-Reviews-Homestay-Tho_Quang_Son_Tra_Peninsula_Da_Nang.html,
"14 Vo Nghia, Phuoc My, Đà Nẵng 550000 Việt Nam",2.0,95.0,,,Sekong Apartment,Son Tra Peninsula,Việt Nam,"Việt Nam,Đà Nẵng,Son Tra Peninsula","Gần Sekong Apartment có điểm du lịch nổi tiếng nào?, ,Gần Sekong Apartment có nhà hàng nào?, ",,,,,,35.0,,,,https://www.tripadvisor.com.vn/Hotel_Review-g19779171-d23326964-Reviews-Sekong_Apartment-Phuoc_My_Son_Tra_Peninsula_Da_Nang.html,
"143 Hà Bổng, Đà Nẵng Việt Nam",12.0,87.0,,"Tiếng Việt, Tiếng Anh, Tiếng Nga, Tiếng Trung",Amunra Hotel Đà Nẵng,Son Tra Peninsula,Việt Nam,"Việt Nam,Đà Nẵng,Son Tra Peninsula","Gần Amunra Hotel Đà Nẵng có điểm du lịch nổi tiếng nào?, ,Amunra Hotel Đà Nẵng có những tiện nghi tại cơ sở kinh doanh gì?, ,Amunra Hotel Đà Nẵng có những tiện nghi phòng gì?, ,Amunra Hotel Đà Nẵng có những lựa chọn đồ ăn & đồ uống gì?, ,Amunra Hotel Đà Nẵng có chỗ đỗ xe không?, ,Gần Amunra Hotel Đà Nẵng có nhà hàng nào?, ,Amunra Hotel Đà Nẵng có dịch vụ đưa đón tại sân bay không?, ,Nhân viên tại Amunra Hotel Đà Nẵng nói ngôn ngữ gì?, ,Amunra Hotel Đà Nẵng có tầm nhìn đẹp không?, ",,,,,,85.0,,21.0,,https://www.tripadvisor.com.vn/Hotel_Review-g17786366-d23421769-Reviews-Amunra_Hotel_Da_N_ng-Son_Tra_Peninsula_Da_Nang.html,
"68, Lê Thước, Phuoc My, Đà Nẵng 550000 Việt Nam",3.0,87.0,,,Căn hộ Xoro,Son Tra Peninsula,Việt Nam,"Việt Nam,Đà Nẵng,Son Tra Peninsula","Gần Căn hộ Xoro có điểm du lịch nổi tiếng nào?, ,Gần Căn hộ Xoro có nhà hàng nào?, ",,,,,,28.0,,,,https://www.tripadvisor.com.vn/Hotel_Review-g19779171-d23432112-Reviews-Xoro_Apartment-Phuoc_My_Son_Tra_Peninsula_Da_Nang.html,
"96 Ngô Cao Lãng 96, Tho Quang, Đà Nẵng Việt Nam",,,,,Khach San Puka,Son Tra Peninsula,Việt Nam,"Việt Nam,Đà Nẵng,Son Tra Peninsula",,,,,,,,,,,https://www.tripadvisor.com.vn/Hotel_Review-g15339118-d23517305-Reviews-Khach_San_Puka-Tho_Quang_Son_Tra_Peninsula_Da_Nang.html,
"256 Vo Nguyen Giap, Phuoc My, Đà Nẵng 59000 Việt Nam",3.0,89.0,,,Truong Son Tung 5 Hotel,Son Tra Peninsula,Việt Nam,"Việt Nam,Đà Nẵng,Son Tra Peninsula","Gần Truong Son Tung 5 Hotel có điểm du lịch nổi tiếng nào?, ",,,,,,42.0,,,,https://www.tripadvisor.com.vn/Hotel_Review-g19779171-d20949608-Reviews-Truong_Son_Tung_5_Hotel-Phuoc_My_Son_Tra_Peninsula_Da_Nang.html,
,,,,,Can Ho Son Tra,Son Tra Peninsula,Việt Nam,"Việt Nam,Đà Nẵng,Son Tra Peninsula",,,,,,,,,,,https://www.tripadvisor.com.vn/Hotel_Review-g15339118-d23341469-Reviews-Can_Ho_Son_Tra-Tho_Quang_Son_Tra_Peninsula_Da_Nang.html,
"Dinh Thi Hoa Lo 24-25, An Hai Bac, Đà Nẵng Việt Nam",5.0,82.0,,,SB Han River Apartment,Son Tra Peninsula,Việt Nam,"Việt Nam,Đà Nẵng,Son Tra Peninsula","Gần SB Han River Apartment có điểm du lịch nổi tiếng nào?, ,Gần SB Han River Apartment có nhà hàng nào?, ",,,,,,24.0,,,,https://www.tripadvisor.com.vn/Hotel_Review-g19935676-d21398807-Reviews-SB_Han_River_Apartment-An_Hai_Bac_Son_Tra_Peninsula_Da_Nang.html,
"1022 Ngô Quyền, An Hai Tay, Đà Nẵng 550000 Việt Nam",3.0,81.0,,,Lucky Ruby Hotel,Son Tra Peninsula,Việt Nam,"Việt Nam,Đà Nẵng,Son Tra Peninsula","Gần Lucky Ruby Hotel có điểm du lịch nổi tiếng nào?, ,Gần Lucky Ruby Hotel có nhà hàng nào?, ",,,,,,16.0,,,,https://www.tripadvisor.com.vn/Hotel_Review-g19339361-d23344834-Reviews-Lucky_Ruby_Hotel-An_Hai_Tay_Son_Tra_Peninsula_Da_Nang.html,
"995 Ngo Quyen, An Hai Bac, Đà Nẵng 550000 Việt Nam",4.0,85.0,,"Tiếng Việt, Tiếng Anh",Madame Trang Da Nang Hotel & Apartment,Son Tra Peninsula,Việt Nam,"Việt Nam,Đà Nẵng,Son Tra Peninsula","Gần Madame Trang Da Nang Hotel & Apartment có điểm du lịch nổi tiếng nào?, ,Madame Trang Da Nang Hotel & Apartment có những tiện nghi tại cơ sở kinh doanh gì?, ,Madame Trang Da Nang Hotel & Apartment có những tiện nghi phòng gì?, ,Madame Trang Da Nang Hotel & Apartment có chỗ đỗ xe không?, ,Gần Madame Trang Da Nang Hotel & Apartment có nhà hàng nào?, ,Madame Trang Da Nang Hotel & Apartment có cho phép vật nuôi không?, ,Nhân viên tại Madame Trang Da Nang Hotel & Apartment nói ngôn ngữ gì?, ",,,,,,15.0,,20.0,,https://www.tripadvisor.com.vn/Hotel_Review-g19935676-d23191106-Reviews-Madame_Trang_Da_Nang_Hotel_Apartment-An_Hai_Bac_Son_Tra_Peninsula_Da_Nang.html,
,,,,,Ngoc Lan Hotel,Son Tra Peninsula,Việt Nam,"Việt Nam,Đà Nẵng,Son Tra Peninsula",,,,,,30.0,,,,,https://www.tripadvisor.com.vn/Hotel_Review-g19935676-d21132753-Reviews-Ngoc_Lan_Hotel-An_Hai_Bac_Son_Tra_Peninsula_Da_Nang.html,
"120 Vo Nguyen Giap, An Hai Bac, Đà Nẵng Việt Nam",1.0,91.0,,,Zoneland Premium - Luxury Apartments,Son Tra Peninsula,Việt Nam,"Việt Nam,Đà Nẵng,Son Tra Peninsula","Gần Zoneland Premium - Luxury Apartments có điểm du lịch nổi tiếng nào?, ",,,,,30.0,29.0,,,,https://www.tripadvisor.com.vn/Hotel_Review-g19935676-d21210702-Reviews-Zoneland_Premium_Luxury_Apartments-An_Hai_Bac_Son_Tra_Peninsula_Da_Nang.html,
,,,,,Zenhouse Homestay,Son Tra Peninsula,Việt Nam,"Việt Nam,Đà Nẵng,Son Tra Peninsula",,,,,,,,,,,https://www.tripadvisor.com.vn/Hotel_Review-g19935676-d21303764-Reviews-Zenhouse_Homestay-An_Hai_Bac_Son_Tra_Peninsula_Da_Nang.html,
"49 An Đon 6, An Hai Bac, Đà Nẵng 550000 Việt Nam",5.0,90.0,,,Vyan Beach House,Son Tra Peninsula,Việt Nam,"Việt Nam,Đà Nẵng,Son Tra Peninsula","Gần Vyan Beach House có điểm du lịch nổi tiếng nào?, ,Gần Vyan Beach House có nhà hàng nào?, ",,,,,,29.0,,,,https://www.tripadvisor.com.vn/Hotel_Review-g19935676-d21364231-Reviews-Vyan_Beach_House-An_Hai_Bac_Son_Tra_Peninsula_Da_Nang.html,
,,,,,Khach san Ngoc Lan,Son Tra Peninsula,Việt Nam,"Việt Nam,Đà Nẵng,Son Tra Peninsula",,,,,,,,,,,https://www.tripadvisor.com.vn/Hotel_Review-g19935676-d23619303-Reviews-Khach_san_Ngoc_Lan-An_Hai_Bac_Son_Tra_Peninsula_Da_Nang.html,
"179/1 Nguyen Cong Tru, An Hai Dong, Đà Nẵng Việt Nam",7.0,86.0,,,Ocean Waves Hostel,Son Tra Peninsula,Việt Nam,"Việt Nam,Đà Nẵng,Son Tra Peninsula","Gần Ocean Waves Hostel có điểm du lịch nổi tiếng nào?, ,Gần Ocean Waves Hostel có nhà hàng nào?, ",,,,,,33.0,,,,https://www.tripadvisor.com.vn/Hotel_Review-g15327804-d17663020-Reviews-Ocean_Waves_Hostel-An_Hai_Dong_Son_Tra_Peninsula_Da_Nang.html,
,,,,,Hotel Song Thư,Son Tra Peninsula,Việt Nam,"Việt Nam,Đà Nẵng,Son Tra Peninsula",,,,,,,,,,,https://www.tripadvisor.com.vn/Hotel_Review-g15327804-d21491370-Reviews-Hotel_Song_Thu-An_Hai_Dong_Son_Tra_Peninsula_Da_Nang.html,
"16 Le Tan Toan Street, An Hai Dong, Đà Nẵng 550000 Việt Nam",2.0,90.0,,,The Alps Homestay,Son Tra Peninsula,Việt Nam,"Việt Nam,Đà Nẵng,Son Tra Peninsula","Gần The Alps Homestay có điểm du lịch nổi tiếng nào?, ",,,,,,28.0,,,,https://www.tripadvisor.com.vn/Hotel_Review-g15327804-d19193067-Reviews-The_Alps_Homestay-An_Hai_Dong_Son_Tra_Peninsula_Da_Nang.html,
"49 Nguyen Thong, An Hai Dong, Đà Nẵng Việt Nam",10.0,90.0,,,C&E Homestay Da Nang,Son Tra Peninsula,Việt Nam,"Việt Nam,Đà Nẵng,Son Tra Peninsula","Gần C&E Homestay Da Nang có điểm du lịch nổi tiếng nào?, ,Gần C&E Homestay Da Nang có nhà hàng nào?, ",,,,,,29.0,,,,https://www.tripadvisor.com.vn/Hotel_Review-g15327804-d21301856-Reviews-C_E_Homestay_Da_Nang-An_Hai_Dong_Son_Tra_Peninsula_Da_Nang.html,
"06 Lô 6 Hoàng Sa Mân Thái, Đà Nẵng 550000 Việt Nam",2.0,54.0,,,Mai Vàng Hotel & Apartment,Son Tra Peninsula,Việt Nam,"Việt Nam,Đà Nẵng,Son Tra Peninsula","Gần Mai Vàng Hotel & Apartment có điểm du lịch nổi tiếng nào?, ",,1.0,Số 17 trong 81 khách sạn tại Son Tra Peninsula,50.0,,32.0,Tuyệt vời,,,https://www.tripadvisor.com.vn/Hotel_Review-g17786366-d19076984-Reviews-Mai_Vang_Hotel_Apartment-Son_Tra_Peninsula_Da_Nang.html,
"28 Mỹ Khê 2, Phuoc My, Đà Nẵng 550000 Việt Nam",0.0,90.0,,,Lotus Rock 05 Hotel,Son Tra Peninsula,Việt Nam,"Việt Nam,Đà Nẵng,Son Tra Peninsula","Gần Lotus Rock 05 Hotel có nhà hàng nào?, ",,1.0,Số 5 trong 17 khách sạn tại Phuoc My,50.0,,29.0,Tuyệt vời,,Bình dân,https://www.tripadvisor.com.vn/Hotel_Review-g19779171-d21403422-Reviews-Lotus_Rock_05_Hotel-Phuoc_My_Son_Tra_Peninsula_Da_Nang.html,
,,,,,Khách sạn & Căn hộ Pracy,Son Tra Peninsula,Việt Nam,"Việt Nam,Đà Nẵng,Son Tra Peninsula",,,,,,,,,60.0,,https://www.tripadvisor.com.vn/Hotel_Review-g23338312-d23521580-Reviews-PARIAT_HOTEL_Da_Nang-Nai_Hien_Dong_Son_Tra_Peninsula_Da_Nang.html,
"3/12 Hà Thị Thân, An Hai Tay, Đà Nẵng 550000 Việt Nam",8.0,87.0,,"Tiếng Việt, Tiếng Anh",Sena Home Cầu Rồng,Son Tra Peninsula,Việt Nam,"Việt Nam,Đà Nẵng,Son Tra Peninsula","Gần Sena Home Cầu Rồng có điểm du lịch nổi tiếng nào?, ,Sena Home Cầu Rồng có những tiện nghi tại cơ sở kinh doanh gì?, ,Sena Home Cầu Rồng có những tiện nghi phòng gì?, ,Sena Home Cầu Rồng có những lựa chọn đồ ăn & đồ uống gì?, ,Sena Home Cầu Rồng có chỗ đỗ xe không?, ,Gần Sena Home Cầu Rồng có nhà hàng nào?, ,Sena Home Cầu Rồng có nằm gần trung tâm thành phố không?, ,Sena Home Cầu Rồng có dịch vụ dọn phòng không?, ,Nhân viên tại Sena Home Cầu Rồng nói ngôn ngữ gì?, ",,,,,,21.0,,5.0,,https://www.tripadvisor.com.vn/Hotel_Review-g19339361-d21294968-Reviews-Sena_Homestay_C_u_R_ng_Da_N_ng-An_Hai_Tay_Son_Tra_Peninsula_Da_Nang.html,
"A30 Tran Hung Dao Street Son Tra District, Đà Nẵng 550000 Việt Nam",9.0,81.0,86.0,,Khách sạn Đà Nẵng Riverside,1.727.273 ₫,840.909 ₫,"840.909 ₫, - ,1.727.273 ₫","Gần Khách sạn Đà Nẵng Riverside có điểm du lịch nổi tiếng nào?, ,Khách sạn Đà Nẵng Riverside có những tiện nghi tại cơ sở kinh doanh gì?, ,Khách sạn Đà Nẵng Riverside có những tiện nghi phòng gì?, ,Khách sạn Đà Nẵng Riverside có những lựa chọn đồ ăn & đồ uống gì?, ,Khách sạn Đà Nẵng Riverside có chỗ đỗ xe không?, ,Gần Khách sạn Đà Nẵng Riverside có nhà hàng nào?, ,Tôi có thể tập thể dục tại Khách sạn Đà Nẵng Riverside không?, ,Khách sạn Đà Nẵng Riverside có dịch vụ đưa đón tại sân bay không?, ,Khách sạn Đà Nẵng Riverside có dịch vụ dọn phòng không?, ,Khách sạn Đà Nẵng Riverside có cung cấp dịch vụ doanh nghiệp nào không?, ,Khách sạn Đà Nẵng Riverside có tầm nhìn đẹp không?, ",29.0,148.0,Số 172 trong 900 khách sạn tại Đà Nẵng,35.0,30.0,28.0,Rất tốt,127.0,"Hạng trung,Ngắm cảnh sông",https://www.tripadvisor.com.vn/Hotel_Review-g298085-d1198755-Reviews-Da_Nang_Riverside_Hotel-Da_Nang.html,7.0
"71 Trần Đình Đàn, Đà Nẵng 550000 Việt Nam",1.0,69.0,98.0,"Tiếng Việt, Tiếng Anh, Tiếng Trung",Haka Hotel & Apartment,1.000.000 ₫,500.000 ₫,"500.000 ₫, - ,1.000.000 ₫","Gần Haka Hotel & Apartment có điểm du lịch nổi tiếng nào?, ,Haka Hotel & Apartment có những tiện nghi tại cơ sở kinh doanh gì?, ,Haka Hotel & Apartment có những tiện nghi phòng gì?, ,Haka Hotel & Apartment có những lựa chọn đồ ăn & đồ uống gì?, ,Haka Hotel & Apartment có chỗ đỗ xe không?, ,Gần Haka Hotel & Apartment có nhà hàng nào?, ,Tôi có thể tập thể dục tại Haka Hotel & Apartment không?, ,Haka Hotel & Apartment có dịch vụ đưa đón tại sân bay không?, ,Haka Hotel & Apartment có dịch vụ dọn phòng không?, ,Nhân viên tại Haka Hotel & Apartment nói ngôn ngữ gì?, ,Haka Hotel & Apartment có tầm nhìn đẹp không?, ",34.0,154.0,Số 71 trong 900 khách sạn tại Đà Nẵng,50.0,30.0,25.0,Tuyệt vời,20.0,"Nhỏ và sang trọng,Quyến rũ",https://www.tripadvisor.com.vn/Hotel_Review-g298085-d12970369-Reviews-Haka_Hotel_Apartment-Da_Nang.html,18.0
"54, 56 Dương Đình Nghệ P. An Hải, Q. Sơn Trà, Đà Nẵng 550000 Việt Nam",7.0,79.0,96.0,,Khách sạn Hoàng Sa,704.545 ₫,386.364 ₫,"386.364 ₫, - ,704.545 ₫","Gần Khách sạn Hoàng Sa có điểm du lịch nổi tiếng nào?, ,Khách sạn Hoàng Sa có những tiện nghi tại cơ sở kinh doanh gì?, ,Khách sạn Hoàng Sa có những tiện nghi phòng gì?, ,Khách sạn Hoàng Sa có những lựa chọn đồ ăn & đồ uống gì?, ,Khách sạn Hoàng Sa có chỗ đỗ xe không?, ,Gần Khách sạn Hoàng Sa có nhà hàng nào?, ,Tôi có thể tập thể dục tại Khách sạn Hoàng Sa không?, ,Khách sạn Hoàng Sa có dịch vụ dọn phòng không?, ,Khách sạn Hoàng Sa có cung cấp dịch vụ doanh nghiệp nào không?, ",23.0,155.0,Số 103 trong 900 khách sạn tại Đà Nẵng,45.0,30.0,51.0,Tuyệt vời,46.0,"Yên tĩnh,Quyến rũ",https://www.tripadvisor.com.vn/Hotel_Review-g298085-d4339766-Reviews-Hoang_Sa_Hotel-Da_Nang.html,185.0
"197 Lê Quang Đạo, Đà Nẵng 550000 Việt Nam",9.0,74.0,114.0,,Christina's Da Nang,681.818 ₫,477.273 ₫,"477.273 ₫, - ,681.818 ₫","Gần Christina's Da Nang có điểm du lịch nổi tiếng nào?, ,Christina's Da Nang có những tiện nghi tại cơ sở kinh doanh gì?, ,Christina's Da Nang có những tiện nghi phòng gì?, ,Christina's Da Nang có những lựa chọn đồ ăn & đồ uống gì?, ,Christina's Da Nang có chỗ đỗ xe không?, ,Gần Christina's Da Nang có nhà hàng nào?, ",53.0,157.0,Số 1 trong 628 B&B / Nhà trọ tại Đà Nẵng,50.0,,160.0,Tuyệt vời,10.0,"Quyến rũ,Thời thượng",https://www.tripadvisor.com.vn/Hotel_Review-g298085-d12257413-Reviews-Christina_s_Da_Nang-Da_Nang.html,10.0
"305 Trần Hưng Đạo Quận Sơn Trà, Đà Nẵng 550000 Việt Nam",3.0,72.0,120.0,,Palmier Hotel & Apartment,977.273 ₫,340.909 ₫,"340.909 ₫, - ,977.273 ₫","Gần Palmier Hotel & Apartment có điểm du lịch nổi tiếng nào?, ,Palmier Hotel & Apartment có những tiện nghi tại cơ sở kinh doanh gì?, ,Palmier Hotel & Apartment có những tiện nghi phòng gì?, ,Palmier Hotel & Apartment có những lựa chọn đồ ăn & đồ uống gì?, ,Palmier Hotel & Apartment có chỗ đỗ xe không?, ,Gần Palmier Hotel & Apartment có nhà hàng nào?, ,Palmier Hotel & Apartment có dịch vụ đưa đón tại sân bay không?, ,Palmier Hotel & Apartment có dịch vụ dọn phòng không?, ,Palmier Hotel & Apartment có cung cấp dịch vụ doanh nghiệp nào không?, ,Palmier Hotel & Apartment có trợ năng không?, ",37.0,164.0,Số 50 trong 900 khách sạn tại Đà Nẵng,45.0,30.0,25.0,Tuyệt vời,30.0,"Hiện đại,Công tác",https://www.tripadvisor.com.vn/Hotel_Review-g298085-d8299463-Reviews-Palmier_Hotel_Apartment-Da_Nang.html,32.0
"305 Nguyễn Văn Thoai, Quận Sơn Trà, Đà Nẵng 650000 Việt Nam",4.0,77.0,57.0,"Tiếng Việt, Tiếng Anh, Tiếng Trung",SOCO Hotel,727.273 ₫,409.091 ₫,"409.091 ₫, - ,727.273 ₫","Gần SOCO Hotel có điểm du lịch nổi tiếng nào?, ,SOCO Hotel có những tiện nghi tại cơ sở kinh doanh gì?, ,SOCO Hotel có những tiện nghi phòng gì?, ,SOCO Hotel có những lựa chọn đồ ăn & đồ uống gì?, ,SOCO Hotel có chỗ đỗ xe không?, ,Gần SOCO Hotel có nhà hàng nào?, ,Tôi có thể tập thể dục tại SOCO Hotel không?, ,SOCO Hotel có dịch vụ đưa đón tại sân bay không?, ,SOCO Hotel có dịch vụ dọn phòng không?, ,SOCO Hotel có cung cấp dịch vụ doanh nghiệp nào không?, ,Nhân viên tại SOCO Hotel nói ngôn ngữ gì?, ",20.0,165.0,Số 169 trong 900 khách sạn tại Đà Nẵng,35.0,30.0,89.0,Rất tốt,121.0,,https://www.tripadvisor.com.vn/Hotel_Review-g298085-d6460711-Reviews-SOCO_Hotel-Da_Nang.html,243.0
"306 Đường 2/9, Hải Châu, Đà Nẵng, Đà Nẵng 59000 Việt Nam",2.0,67.0,161.0,Tiếng Việt,Minh Toan Galaxy,1.477.273 ₫,818.182 ₫,"818.182 ₫, - ,1.477.273 ₫","Gần Minh Toan Galaxy có điểm du lịch nổi tiếng nào?, ,Minh Toan Galaxy có những tiện nghi tại cơ sở kinh doanh gì?, ,Minh Toan Galaxy có những tiện nghi phòng gì?, ,Minh Toan Galaxy có những lựa chọn đồ ăn & đồ uống gì?, ,Minh Toan Galaxy có chỗ đỗ xe không?, ,Gần Minh Toan Galaxy có nhà hàng nào?, ,Tôi có thể tập thể dục tại Minh Toan Galaxy không?, ,Minh Toan Galaxy có dịch vụ đưa đón tại sân bay không?, ,Minh Toan Galaxy có dịch vụ dọn phòng không?, ,Minh Toan Galaxy có cung cấp dịch vụ doanh nghiệp nào không?, ",25.0,166.0,Số 158 trong 900 khách sạn tại Đà Nẵng,40.0,40.0,11.0,Rất tốt,175.0,"Tầm nhìn đẹp,Hiện đại",https://www.tripadvisor.com.vn/Hotel_Review-g298085-d6599489-Reviews-Minh_Toan_Galaxy-Da_Nang.html,24.0
"1 An Thượng 3 Ngũ Hành Sơn, Đà Nẵng 550000 Việt Nam",9.0,74.0,62.0,"Tiếng Việt, Tiếng Anh",Khách Sạn Eco Green Đà Nẵng,1.000.000 ₫,818.182 ₫,"818.182 ₫, - ,1.000.000 ₫","Gần Khách Sạn Eco Green Đà Nẵng có điểm du lịch nổi tiếng nào?, ,Khách Sạn Eco Green Đà Nẵng có những tiện nghi tại cơ sở kinh doanh gì?, ,Khách Sạn Eco Green Đà Nẵng có những tiện nghi phòng gì?, ,Khách Sạn Eco Green Đà Nẵng có những lựa chọn đồ ăn & đồ uống gì?, ,Khách Sạn Eco Green Đà Nẵng có chỗ đỗ xe không?, ,Gần Khách Sạn Eco Green Đà Nẵng có nhà hàng nào?, ,Tôi có thể tập thể dục tại Khách Sạn Eco Green Đà Nẵng không?, ,Khách Sạn Eco Green Đà Nẵng có dịch vụ đưa đón tại sân bay không?, ,Khách Sạn Eco Green Đà Nẵng có dịch vụ dọn phòng không?, ,Nhân viên tại Khách Sạn Eco Green Đà Nẵng nói ngôn ngữ gì?, ,Khách Sạn Eco Green Đà Nẵng có tầm nhìn đẹp không?, ",29.0,190.0,Số 41 trong 900 khách sạn tại Đà Nẵng,50.0,30.0,164.0,Tuyệt vời,42.0,"Ngắm cảnh thành phố,Quyến rũ",https://www.tripadvisor.com.vn/Hotel_Review-g298085-d12710754-Reviews-Eco_Green_Boutique_Hotel-Da_Nang.html,21.0
"169 Trần Hưng Đạo, Q. Sơn Trà, Đà Nẵng 550000 Việt Nam",4.0,67.0,69.0,"Tiếng Việt, Tiếng Anh, Tiếng Ý",Nhà nghỉ Barney's BackPackers,26,Việt Nam,"Việt Nam,Đà Nẵng,26","Gần Nhà nghỉ Barney's BackPackers có điểm du lịch nổi tiếng nào?, ,Nhà nghỉ Barney's BackPackers có những tiện nghi tại cơ sở kinh doanh gì?, ,Nhà nghỉ Barney's BackPackers có những lựa chọn đồ ăn & đồ uống gì?, ,Nhà nghỉ Barney's BackPackers có chỗ đỗ xe không?, ,Gần Nhà nghỉ Barney's BackPackers có nhà hàng nào?, ,Nhà nghỉ Barney's BackPackers có dịch vụ dọn phòng không?, ,Nhân viên tại Nhà nghỉ Barney's BackPackers nói ngôn ngữ gì?, ,Có di tích lịch sử nào gần Nhà nghỉ Barney's BackPackers không?, ",9.0,191.0,Số 1 trong 813 Cơ sở lưu trú đặc biệt tại Đà Nẵng,50.0,20.0,22.0,Tuyệt vời,26.0,"Hiện đại,Thời thượng",https://www.tripadvisor.com.vn/Hotel_Review-g298085-d9798579-Reviews-Barney_s_Backpackers_Hostel-Da_Nang.html,2.0
"05-07 Duy Tân Street, Đà Nẵng 550000 Việt Nam",8.0,66.0,106.0,Tiếng Việt,Eden Plaza Đà Nẵng Hotel,1.272.727 ₫,772.727 ₫,"772.727 ₫, - ,1.272.727 ₫","Gần Eden Plaza Đà Nẵng Hotel có điểm du lịch nổi tiếng nào?, ,Eden Plaza Đà Nẵng Hotel có những tiện nghi tại cơ sở kinh doanh gì?, ,Eden Plaza Đà Nẵng Hotel có những tiện nghi phòng gì?, ,Eden Plaza Đà Nẵng Hotel có những lựa chọn đồ ăn & đồ uống gì?, ,Eden Plaza Đà Nẵng Hotel có chỗ đỗ xe không?, ,Gần Eden Plaza Đà Nẵng Hotel có nhà hàng nào?, ,Tôi có thể tập thể dục tại Eden Plaza Đà Nẵng Hotel không?, ,Eden Plaza Đà Nẵng Hotel có dịch vụ đưa đón tại sân bay không?, ,Eden Plaza Đà Nẵng Hotel có nằm gần trung tâm thành phố không?, ,Eden Plaza Đà Nẵng Hotel có dịch vụ dọn phòng không?, ,Eden Plaza Đà Nẵng Hotel có cung cấp dịch vụ doanh nghiệp nào không?, ",42.0,196.0,Số 127 trong 900 khách sạn tại Đà Nẵng,40.0,40.0,20.0,Rất tốt,154.0,Gia đình,https://www.tripadvisor.com.vn/Hotel_Review-g298085-d4346231-Reviews-Eden_Plaza_Da_Nang_Hotel-Da_Nang.html,241.0
"08 Nguyen Huu Thong, Đà Nẵng Việt Nam",9.0,81.0,109.0,,Frangipani Boutique Hotel,1.000.000 ₫,568.182 ₫,"568.182 ₫, - ,1.000.000 ₫","Gần Frangipani Boutique Hotel có điểm du lịch nổi tiếng nào?, ,Frangipani Boutique Hotel có những tiện nghi tại cơ sở kinh doanh gì?, ,Frangipani Boutique Hotel có những tiện nghi phòng gì?, ,Frangipani Boutique Hotel có những lựa chọn đồ ăn & đồ uống gì?, ,Frangipani Boutique Hotel có chỗ đỗ xe không?, ,Gần Frangipani Boutique Hotel có nhà hàng nào?, ,Tôi có thể tập thể dục tại Frangipani Boutique Hotel không?, ,Frangipani Boutique Hotel có dịch vụ đưa đón tại sân bay không?, ,Frangipani Boutique Hotel có dịch vụ dọn phòng không?, ",10.0,202.0,Số 2 trong 628 B&B / Nhà trọ tại Đà Nẵng,45.0,30.0,65.0,Tuyệt vời,12.0,"Yên tĩnh,Hiện đại",https://www.tripadvisor.com.vn/Hotel_Review-g298085-d6529403-Reviews-Frangipani_Boutique_Hotel-Da_Nang.html,2.0
"115 Nguyễn Văn Linh Quận Hải Châu, Đà Nẵng 550000 Việt Nam",9.0,87.0,117.0,Tiếng Việt,Khách sạn One Opera Đà Nẵng,10.068.182 ₫,477.273 ₫,"477.273 ₫, - ,10.068.182 ₫","Gần Khách sạn One Opera Đà Nẵng có điểm du lịch nổi tiếng nào?, ,Khách sạn One Opera Đà Nẵng có những tiện nghi tại cơ sở kinh doanh gì?, ,Khách sạn One Opera Đà Nẵng có những tiện nghi phòng gì?, ,Khách sạn One Opera Đà Nẵng có những lựa chọn đồ ăn & đồ uống gì?, ,Khách sạn One Opera Đà Nẵng có chỗ đỗ xe không?, ,Gần Khách sạn One Opera Đà Nẵng có nhà hàng nào?, ,Tôi có thể tập thể dục tại Khách sạn One Opera Đà Nẵng không?, ,Khách sạn One Opera Đà Nẵng có nằm gần trung tâm thành phố không?, ,Khách sạn One Opera Đà Nẵng có dịch vụ dọn phòng không?, ,Khách sạn One Opera Đà Nẵng có cung cấp dịch vụ doanh nghiệp nào không?, ,Khách sạn One Opera Đà Nẵng có trợ năng không?, ",32.0,211.0,Số 85 trong 900 khách sạn tại Đà Nẵng,45.0,,85.0,Tuyệt vời,201.0,"Sang trọng,Nằm ở vị trí trung tâm",https://www.tripadvisor.com.vn/Hotel_Review-g298085-d1575735-Reviews-One_Opera_Danang_Hotel-Da_Nang.html,12.0
"02-04-06 An Thuong 1 Street, Ngu Hanh Son Dist, Đà Nẵng 550000 Việt Nam",8.0,74.0,172.0,"Tiếng Việt, Tiếng Anh, Tiếng Nhật",Chu Hotel Danang,886.364 ₫,659.091 ₫,"659.091 ₫, - ,886.364 ₫","Gần Chu Hotel Danang có điểm du lịch nổi tiếng nào?, ,Chu Hotel Danang có những tiện nghi tại cơ sở kinh doanh gì?, ,Chu Hotel Danang có những tiện nghi phòng gì?, ,Chu Hotel Danang có những lựa chọn đồ ăn & đồ uống gì?, ,Chu Hotel Danang có chỗ đỗ xe không?, ,Gần Chu Hotel Danang có nhà hàng nào?, ,Chu Hotel Danang có dịch vụ đưa đón tại sân bay không?, ,Chu Hotel Danang có dịch vụ dọn phòng không?, ,Nhân viên tại Chu Hotel Danang nói ngôn ngữ gì?, ,Chu Hotel Danang có tầm nhìn đẹp không?, ",37.0,212.0,Số 7 trong 628 B&B / Nhà trọ tại Đà Nẵng,40.0,30.0,153.0,Rất tốt,26.0,Ngắm cảnh biển,https://www.tripadvisor.com.vn/Hotel_Review-g298085-d3314092-Reviews-Chu_Hotel_Danang-Da_Nang.html,34.0
"68 Vo Nguyen Giap, Son Tra, Đà Nẵng Việt Nam",1.0,53.0,192.0,"Tiếng Việt, Tiếng Anh, Tiếng Pháp, Tiếng Philippines",Khách sạn Jazz,704.545 ₫,431.818 ₫,"431.818 ₫, - ,704.545 ₫","Gần Khách sạn Jazz có điểm du lịch nổi tiếng nào?, ,Khách sạn Jazz có những tiện nghi tại cơ sở kinh doanh gì?, ,Khách sạn Jazz có những tiện nghi phòng gì?, ,Khách sạn Jazz có những lựa chọn đồ ăn & đồ uống gì?, ,Khách sạn Jazz có chỗ đỗ xe không?, ,Gần Khách sạn Jazz có nhà hàng nào?, ,Khách sạn Jazz có dịch vụ đưa đón tại sân bay không?, ,Khách sạn Jazz có dịch vụ đưa đón tại sân bay không?, ,Khách sạn Jazz có dịch vụ dọn phòng không?, ,Khách sạn Jazz có cho phép vật nuôi không?, ,Nhân viên tại Khách sạn Jazz nói ngôn ngữ gì?, ",27.0,214.0,Số 120 trong 900 khách sạn tại Đà Nẵng,40.0,30.0,35.0,Rất tốt,50.0,"Ngắm cảnh vịnh,Ngắm cảnh biển",https://www.tripadvisor.com.vn/Hotel_Review-g298085-d8132288-Reviews-Jazz_Hotel-Da_Nang.html,22.0
"Lot 133,134 Tran Bach Dang St My An Ward, Ngu Hanh Son Dist., Đà Nẵng 59000 Việt Nam",7.0,79.0,221.0,Tiếng Việt,Halina Hotel and Apartment,977.273 ₫,500.000 ₫,"500.000 ₫, - ,977.273 ₫","Gần Halina Hotel and Apartment có điểm du lịch nổi tiếng nào?, ,Halina Hotel and Apartment có những tiện nghi tại cơ sở kinh doanh gì?, ,Halina Hotel and Apartment có những tiện nghi phòng gì?, ,Halina Hotel and Apartment có những lựa chọn đồ ăn & đồ uống gì?, ,Halina Hotel and Apartment có chỗ đỗ xe không?, ,Gần Halina Hotel and Apartment có nhà hàng nào?, ,Tôi có thể tập thể dục tại Halina Hotel and Apartment không?, ,Halina Hotel and Apartment có dịch vụ đưa đón tại sân bay không?, ,Halina Hotel and Apartment có dịch vụ dọn phòng không?, ",98.0,219.0,Số 97 trong 900 khách sạn tại Đà Nẵng,45.0,40.0,142.0,Tuyệt vời,60.0,"Thời thượng,Quyến rũ",https://www.tripadvisor.com.vn/Hotel_Review-g298085-d13073497-Reviews-Halina_Hotel_and_Apartment-Da_Nang.html,42.0
"53-55 An Thượng 26 Phường Mỹ An, Quận Ngũ Hành Sơn, Đà Nẵng Việt Nam",5.0,79.0,75.0,"Tiếng Việt, Tiếng Anh",Khách Sạn SEN Boutique,659.091 ₫,386.364 ₫,"386.364 ₫, - ,659.091 ₫","Gần Khách Sạn SEN Boutique có điểm du lịch nổi tiếng nào?, ,Khách Sạn SEN Boutique có những tiện nghi tại cơ sở kinh doanh gì?, ,Khách Sạn SEN Boutique có những tiện nghi phòng gì?, ,Khách Sạn SEN Boutique có những lựa chọn đồ ăn & đồ uống gì?, ,Gần Khách Sạn SEN Boutique có nhà hàng nào?, ,Tôi có thể tập thể dục tại Khách Sạn SEN Boutique không?, ,Khách Sạn SEN Boutique có dịch vụ đưa đón tại sân bay không?, ,Khách Sạn SEN Boutique có dịch vụ dọn phòng không?, ,Nhân viên tại Khách Sạn SEN Boutique nói ngôn ngữ gì?, ",32.0,236.0,Số 61 trong 900 khách sạn tại Đà Nẵng,45.0,30.0,89.0,Tuyệt vời,24.0,"Lãng mạn,Công tác",https://www.tripadvisor.com.vn/Hotel_Review-g298085-d12391393-Reviews-SEN_Boutique_Hotel-Da_Nang.html,17.0
"5 Morrison (Lô 29-30) Phường An Hải Bắc, Quận Sơn Trà, Đà Nẵng 550000 Việt Nam",5.0,72.0,305.0,"Tiếng Việt, Tiếng Anh, Tiếng Trung",Grand Sunrise 3 Hotel,818.182 ₫,477.273 ₫,"477.273 ₫, - ,818.182 ₫","Gần Grand Sunrise 3 Hotel có điểm du lịch nổi tiếng nào?, ,Grand Sunrise 3 Hotel có những tiện nghi tại cơ sở kinh doanh gì?, ,Grand Sunrise 3 Hotel có những tiện nghi phòng gì?, ,Grand Sunrise 3 Hotel có những lựa chọn đồ ăn & đồ uống gì?, ,Grand Sunrise 3 Hotel có chỗ đỗ xe không?, ,Gần Grand Sunrise 3 Hotel có nhà hàng nào?, ,Tôi có thể tập thể dục tại Grand Sunrise 3 Hotel không?, ,Grand Sunrise 3 Hotel có dịch vụ đưa đón tại sân bay không?, ,Grand Sunrise 3 Hotel có dịch vụ đưa đón tại sân bay không?, ,Grand Sunrise 3 Hotel có dịch vụ dọn phòng không?, ,Grand Sunrise 3 Hotel có cung cấp dịch vụ doanh nghiệp nào không?, ",65.0,254.0,Số 48 trong 900 khách sạn tại Đà Nẵng,50.0,35.0,30.0,Tuyệt vời,56.0,"Thời thượng,Ngắm cảnh thành phố",https://www.tripadvisor.com.vn/Hotel_Review-g298085-d12221349-Reviews-Grand_Sunrise_3_Hotel-Da_Nang.html,53.0
"292 Đường Võ Nguyên Giáp Phường Mỹ An, Quận Ngũ Hành Sơn, Đà Nẵng 550000 Việt Nam",7.0,74.0,309.0,,TMS Hotel Da Nang Beach,3.272.727 ₫,1.613.636 ₫,"1.613.636 ₫, - ,3.272.727 ₫","Gần TMS Hotel Da Nang Beach có điểm du lịch nổi tiếng nào?, ,TMS Hotel Da Nang Beach có những tiện nghi tại cơ sở kinh doanh gì?, ,TMS Hotel Da Nang Beach có những tiện nghi phòng gì?, ,TMS Hotel Da Nang Beach có những lựa chọn đồ ăn & đồ uống gì?, ,Gần TMS Hotel Da Nang Beach có nhà hàng nào?, ,Tôi có thể tập thể dục tại TMS Hotel Da Nang Beach không?, ,TMS Hotel Da Nang Beach có dịch vụ đưa đón tại sân bay không?, ,TMS Hotel Da Nang Beach có dịch vụ đưa đón tại sân bay không?, ,TMS Hotel Da Nang Beach có dịch vụ dọn phòng không?, ,TMS Hotel Da Nang Beach có cung cấp dịch vụ doanh nghiệp nào không?, ,TMS Hotel Da Nang Beach có trợ năng không?, ",75.0,265.0,Số 51 trong 900 khách sạn tại Đà Nẵng,45.0,50.0,130.0,Tuyệt vời,228.0,"Tầm nhìn đẹp,Thời thượng",https://www.tripadvisor.com.vn/Hotel_Review-g298085-d15153595-Reviews-TMS_Hotel_Da_Nang_Beach-Da_Nang.html,64.0
"45 - 47 Võ Văn Kiệt, Quận Sơn Trà, Đà Nẵng Việt Nam",3.0,77.0,183.0,"Tiếng Việt, Tiếng Anh",Khách Sạn Adaline,954.545 ₫,500.000 ₫,"500.000 ₫, - ,954.545 ₫","Gần Khách Sạn Adaline có điểm du lịch nổi tiếng nào?, ,Khách Sạn Adaline có những tiện nghi tại cơ sở kinh doanh gì?, ,Khách Sạn Adaline có những tiện nghi phòng gì?, ,Khách Sạn Adaline có những lựa chọn đồ ăn & đồ uống gì?, ,Khách Sạn Adaline có chỗ đỗ xe không?, ,Gần Khách Sạn Adaline có nhà hàng nào?, ,Tôi có thể tập thể dục tại Khách Sạn Adaline không?, ,Khách Sạn Adaline có dịch vụ đưa đón tại sân bay không?, ,Khách Sạn Adaline có dịch vụ dọn phòng không?, ,Nhân viên tại Khách Sạn Adaline nói ngôn ngữ gì?, ,Khách Sạn Adaline có tầm nhìn đẹp không?, ",33.0,268.0,Số 82 trong 900 khách sạn tại Đà Nẵng,45.0,30.0,53.0,Tuyệt vời,64.0,"Gia đình,Ngắm cảnh biển",https://www.tripadvisor.com.vn/Hotel_Review-g298085-d12117671-Reviews-Adaline_Hotel_Suite-Da_Nang.html,19.0
"22-24 Ha Chương, P. Phước Mỹ, Q. Sơn Trà Son Tra District, Danang City, Đà Nẵng Việt Nam",11.0,84.0,134.0,"Tiếng Việt, Tiếng Anh, Tiếng Pháp, Tiếng Trung",Khách sạn Green House,1.181.818 ₫,386.364 ₫,"386.364 ₫, - ,1.181.818 ₫","Gần Khách sạn Green House có điểm du lịch nổi tiếng nào?, ,Khách sạn Green House có những tiện nghi tại cơ sở kinh doanh gì?, ,Khách sạn Green House có những tiện nghi phòng gì?, ,Khách sạn Green House có những lựa chọn đồ ăn & đồ uống gì?, ,Khách sạn Green House có chỗ đỗ xe không?, ,Gần Khách sạn Green House có nhà hàng nào?, ,Khách sạn Green House có dịch vụ đưa đón tại sân bay không?, ,Khách sạn Green House có dịch vụ dọn phòng không?, ,Nhân viên tại Khách sạn Green House nói ngôn ngữ gì?, ,Khách sạn Green House có trợ năng không?, ",44.0,277.0,Số 74 trong 900 khách sạn tại Đà Nẵng,45.0,30.0,80.0,Tuyệt vời,34.0,"Hiện đại,Gia đình",https://www.tripadvisor.com.vn/Hotel_Review-g298085-d7787334-Reviews-Green_House_Hotel-Da_Nang.html,8.0
"03 Nguyễn Cao Luyện Phước Mỹ, Sơn Trà, Đà Nẵng 550000 Việt Nam",10.0,85.0,214.0,"Tiếng Việt, Tiếng Anh, Tiếng Trung, Tiếng Hàn",Lamuno Hotel,1.750.000 ₫,318.182 ₫,"318.182 ₫, - ,1.750.000 ₫","Gần Lamuno Hotel có điểm du lịch nổi tiếng nào?, ,Lamuno Hotel có những tiện nghi tại cơ sở kinh doanh gì?, ,Lamuno Hotel có những tiện nghi phòng gì?, ,Lamuno Hotel có những lựa chọn đồ ăn & đồ uống gì?, ,Lamuno Hotel có chỗ đỗ xe không?, ,Gần Lamuno Hotel có nhà hàng nào?, ,Lamuno Hotel có dịch vụ đưa đón tại sân bay không?, ,Lamuno Hotel có dịch vụ dọn phòng không?, ,Nhân viên tại Lamuno Hotel nói ngôn ngữ gì?, ,Lamuno Hotel có trợ năng không?, ",49.0,282.0,Số 37 trong 900 khách sạn tại Đà Nẵng,50.0,30.0,82.0,Tuyệt vời,35.0,Quyến rũ,https://www.tripadvisor.com.vn/Hotel_Review-g298085-d13228168-Reviews-Lamuno_Hotel-Da_Nang.html,14.0
"238 Bạch Đằng Quận Hải Châu, Đà Nẵng 550000 Việt Nam",22.0,92.0,251.0,Tiếng Việt,SenRiver Hotel,1.613.636 ₫,909.091 ₫,"909.091 ₫, - ,1.613.636 ₫","Gần SenRiver Hotel có điểm du lịch nổi tiếng nào?, ,SenRiver Hotel có những tiện nghi tại cơ sở kinh doanh gì?, ,SenRiver Hotel có những tiện nghi phòng gì?, ,SenRiver Hotel có những lựa chọn đồ ăn & đồ uống gì?, ,SenRiver Hotel có chỗ đỗ xe không?, ,Gần SenRiver Hotel có nhà hàng nào?, ,Tôi có thể tập thể dục tại SenRiver Hotel không?, ,SenRiver Hotel có dịch vụ đưa đón tại sân bay không?, ,SenRiver Hotel có dịch vụ dọn phòng không?, ,SenRiver Hotel có cung cấp dịch vụ doanh nghiệp nào không?, ",145.0,283.0,Số 131 trong 900 khách sạn tại Đà Nẵng,40.0,40.0,141.0,Rất tốt,173.0,"Hạng trung,Ngắm cảnh sông",https://www.tripadvisor.com.vn/Hotel_Review-g298085-d807151-Reviews-SenRiver_Hotel-Da_Nang.html,17.0
"252 Võ Nguyên Giáp Quận Sơn Trà, Đà Nẵng 550000 Việt Nam",3.0,72.0,269.0,Tiếng Việt,Khách sạn Grand Tourane,2.386.364 ₫,1.636.364 ₫,"1.636.364 ₫, - ,2.386.364 ₫","Gần Khách sạn Grand Tourane có điểm du lịch nổi tiếng nào?, ,Khách sạn Grand Tourane có những tiện nghi tại cơ sở kinh doanh gì?, ,Khách sạn Grand Tourane có những tiện nghi phòng gì?, ,Khách sạn Grand Tourane có những lựa chọn đồ ăn & đồ uống gì?, ,Khách sạn Grand Tourane có chỗ đỗ xe không?, ,Gần Khách sạn Grand Tourane có nhà hàng nào?, ,Tôi có thể tập thể dục tại Khách sạn Grand Tourane không?, ,Khách sạn Grand Tourane có dịch vụ đưa đón tại sân bay không?, ,Khách sạn Grand Tourane có dịch vụ dọn phòng không?, ,Khách sạn Grand Tourane có cho phép vật nuôi không?, ,Khách sạn Grand Tourane có cung cấp dịch vụ doanh nghiệp nào không?, ",59.0,285.0,Số 64 trong 900 khách sạn tại Đà Nẵng,45.0,40.0,31.0,Tuyệt vời,188.0,"Ngắm cảnh biển,Ngắm cảnh thành phố",https://www.tripadvisor.com.vn/Hotel_Review-g298085-d9853219-Reviews-Grand_Tourane_Hotel-Da_Nang.html,24.0
"51 Yen Bai, Đà Nẵng 550000 Việt Nam",29.0,93.0,132.0,"Tiếng Việt, Tiếng Anh, Tiếng Trung, Tiếng Nhật",Khách sạn Đại Á,409.091 ₫,318.182 ₫,"318.182 ₫, - ,409.091 ₫","Gần Khách sạn Đại Á có điểm du lịch nổi tiếng nào?, ,Khách sạn Đại Á có những tiện nghi tại cơ sở kinh doanh gì?, ,Khách sạn Đại Á có những tiện nghi phòng gì?, ,Khách sạn Đại Á có những lựa chọn đồ ăn & đồ uống gì?, ,Khách sạn Đại Á có chỗ đỗ xe không?, ,Gần Khách sạn Đại Á có nhà hàng nào?, ,Nhân viên tại Khách sạn Đại Á nói ngôn ngữ gì?, ",13.0,298.0,Số 121 trong 900 khách sạn tại Đà Nẵng,40.0,20.0,186.0,Rất tốt,49.0,"Nằm ở vị trí trung tâm,Yên tĩnh",https://www.tripadvisor.com.vn/Hotel_Review-g298085-d1236495-Reviews-Dai_A_hotel-Da_Nang.html,163.0
"Lot 104 Tran Bach Dang Street My An Ward, Ngu Hanh Son District, Đà Nẵng Việt Nam",5.0,79.0,159.0,,Ana Maison Hotel and Apartment,659.091 ₫,409.091 ₫,"409.091 ₫, - ,659.091 ₫","Gần Ana Maison Hotel and Apartment có điểm du lịch nổi tiếng nào?, ,Ana Maison Hotel and Apartment có những tiện nghi tại cơ sở kinh doanh gì?, ,Ana Maison Hotel and Apartment có những tiện nghi phòng gì?, ,Ana Maison Hotel and Apartment có những lựa chọn đồ ăn & đồ uống gì?, ,Ana Maison Hotel and Apartment có chỗ đỗ xe không?, ,Gần Ana Maison Hotel and Apartment có nhà hàng nào?, ,Tôi có thể tập thể dục tại Ana Maison Hotel and Apartment không?, ,Ana Maison Hotel and Apartment có dịch vụ đưa đón tại sân bay không?, ,Ana Maison Hotel and Apartment có dịch vụ dọn phòng không?, ",38.0,299.0,Số 91 trong 900 khách sạn tại Đà Nẵng,45.0,,93.0,Tuyệt vời,34.0,"Hiện đại,Gia đình",https://www.tripadvisor.com.vn/Hotel_Review-g298085-d9570796-Reviews-Ana_Maison_Hotel_and_Apartment-Da_Nang.html,16.0
"294 Võ Nguyên Giáp Mỹ An, Ngũ Hành Sơn, Đà Nẵng 550000 Việt Nam",7.0,74.0,229.0,Tiếng Việt,Eden Hotel Danang,1.477.273 ₫,863.636 ₫,"863.636 ₫, - ,1.477.273 ₫","Gần Eden Hotel Danang có điểm du lịch nổi tiếng nào?, ,Eden Hotel Danang có những tiện nghi tại cơ sở kinh doanh gì?, ,Eden Hotel Danang có những tiện nghi phòng gì?, ,Eden Hotel Danang có những lựa chọn đồ ăn & đồ uống gì?, ,Eden Hotel Danang có chỗ đỗ xe không?, ,Gần Eden Hotel Danang có nhà hàng nào?, ,Tôi có thể tập thể dục tại Eden Hotel Danang không?, ,Eden Hotel Danang có dịch vụ đưa đón tại sân bay không?, ,Eden Hotel Danang có dịch vụ dọn phòng không?, ,Eden Hotel Danang có cung cấp dịch vụ doanh nghiệp nào không?, ,Eden Hotel Danang có trợ năng không?, ",22.0,304.0,Số 38 trong 900 khách sạn tại Đà Nẵng,50.0,50.0,136.0,Tuyệt vời,226.0,"Gia đình,Tầm nhìn đẹp",https://www.tripadvisor.com.vn/Hotel_Review-g298085-d15142242-Reviews-Eden_Hotel_Danang-Da_Nang.html,21.0
"192 Võ Nguyên Giáp Phước Mỹ, Sơn Trà, Đà Nẵng 550000 Việt Nam",6.0,82.0,263.0,"Tiếng Việt, Tiếng Anh",The Nalod Da Nang,1.772.727 ₫,977.273 ₫,"977.273 ₫, - ,1.772.727 ₫","Gần The Nalod Da Nang có điểm du lịch nổi tiếng nào?, ,The Nalod Da Nang có những tiện nghi tại cơ sở kinh doanh gì?, ,The Nalod Da Nang có những tiện nghi phòng gì?, ,The Nalod Da Nang có những lựa chọn đồ ăn & đồ uống gì?, ,The Nalod Da Nang có chỗ đỗ xe không?, ,Gần The Nalod Da Nang có nhà hàng nào?, ,Tôi có thể tập thể dục tại The Nalod Da Nang không?, ,The Nalod Da Nang có dịch vụ đưa đón tại sân bay không?, ,The Nalod Da Nang có dịch vụ dọn phòng không?, ,The Nalod Da Nang có cung cấp dịch vụ doanh nghiệp nào không?, ,Nhân viên tại The Nalod Da Nang nói ngôn ngữ gì?, ",75.0,315.0,Số 54 trong 900 khách sạn tại Đà Nẵng,45.0,35.0,55.0,Tuyệt vời,250.0,"Ngắm cảnh biển,Công tác",https://www.tripadvisor.com.vn/Hotel_Review-g298085-d12445740-Reviews-The_Nalod_Da_Nang-Da_Nang.html,47.0
"50 Bạch Đằng Hải Châu, Đà Nẵng 550000 Việt Nam",14.0,87.0,291.0,"Tiếng Việt, Tiếng Hàn",Hilton Da Nang,3.340.909 ₫,2.000.000 ₫,"2.000.000 ₫, - ,3.340.909 ₫","Gần Hilton Da Nang có điểm du lịch nổi tiếng nào?, ,Hilton Da Nang có những tiện nghi tại cơ sở kinh doanh gì?, ,Hilton Da Nang có những tiện nghi phòng gì?, ,Hilton Da Nang có những lựa chọn đồ ăn & đồ uống gì?, ,Hilton Da Nang có chỗ đỗ xe không?, ,Gần Hilton Da Nang có nhà hàng nào?, ,Tôi có thể tập thể dục tại Hilton Da Nang không?, ,Hilton Da Nang có dịch vụ đưa đón tại sân bay không?, ,Hilton Da Nang có dịch vụ dọn phòng không?, ,Hilton Da Nang có cung cấp dịch vụ doanh nghiệp nào không?, ,Nhân viên tại Hilton Da Nang nói ngôn ngữ gì?, ",81.0,315.0,Số 81 trong 900 khách sạn tại Đà Nẵng,45.0,40.0,87.0,Tuyệt vời,223.0,"Ngắm cảnh sông,Nằm ở vị trí trung tâm",https://www.tripadvisor.com.vn/Hotel_Review-g298085-d12919657-Reviews-Hilton_Da_Nang-Da_Nang.html,50.0
"65 Xuân Diệu, Đà Nẵng 550000 Việt Nam",7.0,51.0,98.0,"Tiếng Việt, Tiếng Anh",Khách sạn Night Sky,454.545 ₫,340.909 ₫,"340.909 ₫, - ,454.545 ₫","Gần Khách sạn Night Sky có điểm du lịch nổi tiếng nào?, ,Khách sạn Night Sky có những tiện nghi tại cơ sở kinh doanh gì?, ,Khách sạn Night Sky có những tiện nghi phòng gì?, ,Khách sạn Night Sky có những lựa chọn đồ ăn & đồ uống gì?, ,Khách sạn Night Sky có chỗ đỗ xe không?, ,Gần Khách sạn Night Sky có nhà hàng nào?, ,Tôi có thể tập thể dục tại Khách sạn Night Sky không?, ,Khách sạn Night Sky có dịch vụ đưa đón tại sân bay không?, ,Khách sạn Night Sky có dịch vụ dọn phòng không?, ,Nhân viên tại Khách sạn Night Sky nói ngôn ngữ gì?, ,Có di tích lịch sử nào gần Khách sạn Night Sky không?, ",6.0,325.0,Số 73 trong 900 khách sạn tại Đà Nẵng,45.0,20.0,36.0,Tuyệt vời,35.0,"Nhìn ra cảng,Ngắm cảnh sông",https://www.tripadvisor.com.vn/Hotel_Review-g298085-d7374825-Reviews-Night_Sky_Hotel-Da_Nang.html,106.0
"Truong Sa Street Group 74, Ngu Hanh Son District, Hoa Hai, Đà Nẵng 550000 Việt Nam",,,504.0,Tiếng Việt,The Ocean Villas,8.386.364 ₫,2.431.818 ₫,"2.431.818 ₫, - ,8.386.364 ₫","The Ocean Villas có những tiện nghi tại cơ sở kinh doanh gì?, ,The Ocean Villas có những tiện nghi phòng gì?, ,The Ocean Villas có những lựa chọn đồ ăn & đồ uống gì?, ,The Ocean Villas có chỗ đỗ xe không?, ,Gần The Ocean Villas có nhà hàng nào?, ,Tôi có thể tập thể dục tại The Ocean Villas không?, ,The Ocean Villas có dịch vụ đưa đón tại sân bay không?, ,The Ocean Villas có dịch vụ dọn phòng không?, ,Có di tích lịch sử nào gần The Ocean Villas không?, ,The Ocean Villas có tầm nhìn đẹp không?, ,The Ocean Villas có trợ năng không?, ",329.0,336.0,Số 1 trong 7 khách sạn tại Hoa Hai,45.0,50.0,,Tuyệt vời,114.0,Yên tĩnh,https://www.tripadvisor.com.vn/Hotel_Review-g20045940-d2298509-Reviews-The_Ocean_Villas-Hoa_Hai_Da_Nang.html,93.0
