HAddress,HAttractions,HGFW,HImages,HLanguage,HMail,HName,HPMax,HPMin,HPRange,HQuestions,HRImages,HRNumber,HRank,HRankreview,HRating,HRestaurants,HReview,HRoom,HStyles,HTel,HVideos,URL
"Lo F1-2 Duong Giap Van Cuong, Da Nang Vietnam",,,,,,Hotel Victory,,Vietnam,"Vietnam,Da Nang","Which popular attractions are close to Hotel Victory?, ,What are some restaurants close to Hotel Victory?, ",,,,,,,,,,,,https://www.tripadvisor.com/Hotel_Review-g298085-d21134945-Reviews-Hotel_Victory-Da_Nang.html
"Tran Dinh Tri 70, Da Nang Vietnam",,,,,,Da Nang Hostel Ngocson,,Vietnam,"Vietnam,Da Nang","Which popular attractions are close to Da Nang Hostel Ngocson?, ,What are some restaurants close to Da Nang Hostel Ngocson?, ",,,,,,,,,,,,https://www.tripadvisor.com/Hotel_Review-g298085-d19949171-Reviews-Da_Nang_Hostel_Ngocson-Da_Nang.html
"1359 Nguyen Tat Thanh Phuong Thanh Khe Dong, Quan Thanh Khe, Da Nang 550000 Vietnam",,,,,,SPOT ON 1115 Romantic Motel,,Vietnam,"Vietnam,Da Nang","Which popular attractions are close to SPOT ON 1115 Romantic Motel?, ,What are some restaurants close to SPOT ON 1115 Romantic Motel?, ",,,,,,,,,,,,https://www.tripadvisor.com/Hotel_Review-g298085-d21336848-Reviews-SPOT_ON_1115_Romantic_Motel-Da_Nang.html
"29 Ly Chinh Th_ng, Da Nang Vietnam",,,,,,Nha nghi hien quy 3,,Vietnam,"Vietnam,Da Nang","Which popular attractions are close to Nha nghi hien quy 3?, ,What are some restaurants close to Nha nghi hien quy 3?, ",,,,,,,,,,,,https://www.tripadvisor.com/Hotel_Review-g298085-d23383903-Reviews-Nha_nghi_hien_quy_3-Da_Nang.html
"Phu Xuan 3 03, Da Nang Vietnam",,,,,,My Dung Motel,$23,$15,"$15, - ,$23","Which popular attractions are close to My Dung Motel?, ,What are some restaurants close to My Dung Motel?, ",,,,,,,,,,,,https://www.tripadvisor.com/Hotel_Review-g298085-d23187018-Reviews-My_Dung_Motel-Da_Nang.html
"Lo 23 B7 1 Nguyen Tat Thanh, Da Nang 550000 Vietnam",,,,,,OYO 969 Anh Thy Motel,,Vietnam,"Vietnam,Da Nang","Which popular attractions are close to OYO 969 Anh Thy Motel?, ,What are some restaurants close to OYO 969 Anh Thy Motel?, ",,,,,,,,,,,,https://www.tripadvisor.com/Hotel_Review-g298085-d21335213-Reviews-OYO_969_Anh_Thy_Motel-Da_Nang.html
"88 Nguyen Viet Xuan, Phuong Hoa Minh, Quan Lien Chieu, Da Nang Vietnam",,,,,,Phu Quy Hotel,,Vietnam,"Vietnam,Da Nang","Which popular attractions are close to Phu Quy Hotel?, ,What are some restaurants close to Phu Quy Hotel?, ",,,,,,,,,,,,https://www.tripadvisor.com/Hotel_Review-g298085-d19656103-Reviews-Phu_Quy_Hotel-Da_Nang.html
"50 Hong Thai, near Da Nang Railway Station Hoa Minh Ward, Da Nang 550000 Vietnam",,,,,,OYO 1071 Nguyen Kim Motel,16,Vietnam,"Vietnam,Da Nang,16","Which popular attractions are close to OYO 1071 Nguyen Kim Motel?, ,What are some restaurants close to OYO 1071 Nguyen Kim Motel?, ",,,,,,,,16.0,,,,https://www.tripadvisor.com/Hotel_Review-g298085-d21289224-Reviews-OYO_1071_Nguyen_Kim_Motel-Da_Nang.html
"Near Tran Cao Van, Da Nang 550000 Vietnam",,,,,,OYO 1121 Bao Viet Hotel,14,Vietnam,"Vietnam,Da Nang,14","Which popular attractions are close to OYO 1121 Bao Viet Hotel?, ,What are some restaurants close to OYO 1121 Bao Viet Hotel?, ",,,,,,,,14.0,,,,https://www.tripadvisor.com/Hotel_Review-g298085-d21093864-Reviews-OYO_1121_Bao_Viet_Hotel-Da_Nang.html
"192/64 To Hieu Street, Lien Chieu, Da Nang 550000 Vietnam",,,,,,OYO 962 Tulip Motel,Lien Chieu,Vietnam,"Vietnam,Da Nang,Lien Chieu","Which popular attractions are close to OYO 962 Tulip Motel?, ,What are some restaurants close to OYO 962 Tulip Motel?, ",,,,,,,,,,,,https://www.tripadvisor.com/Hotel_Review-g16740551-d21302001-Reviews-OYO_962_Tulip_Motel-Lien_Chieu_Da_Nang.html
"100/2 Nguyen Van Thoai Str, Ngu Hanh Son Dist, Da Nang Vietnam",3.0,78.0,,"English, Vietnamese",,Nemo Hotel,$18,$12,"$12, - ,$18","Which popular attractions are close to Nemo Hotel?, ,What are some of the property amenities at Nemo Hotel?, ,Which room amenities are available at Nemo Hotel?, ,Is parking available at Nemo Hotel?, ,What are some restaurants close to Nemo Hotel?, ,Does Nemo Hotel have airport transportation?, ,Are pets allowed at Nemo Hotel?, ,Which languages are spoken by the staff at Nemo Hotel?, ,Is Nemo Hotel accessible?, ",,118.0,#8 of 628 B&Bs / Inns in Da Nang,45.0,30.0,85.0,Excellent,17.0,"Quiet,Modern",,,https://www.tripadvisor.com/Hotel_Review-g298085-d3793990-Reviews-Nemo_Hotel-Da_Nang.html
"A2.3 Hoang Sa street, Tho Quang ward, Son Tra district Tho Quang, Son Tra, Da Nang 550000 Vietnam",2.0,40.0,153.0,"English, German, Vietnamese",,Dan Oasis Beach Hotel and Apartment,$46,$25,"$25, - ,$46","Which popular attractions are close to Dan Oasis Beach Hotel and Apartment?, ,What are some of the property amenities at Dan Oasis Beach Hotel and Apartment?, ,Which room amenities are available at Dan Oasis Beach Hotel and Apartment?, ,What food & drink options are available at Dan Oasis Beach Hotel and Apartment?, ,Is parking available at Dan Oasis Beach Hotel and Apartment?, ,What are some restaurants close to Dan Oasis Beach Hotel and Apartment?, ,Does Dan Oasis Beach Hotel and Apartment have airport transportation?, ,Are any cleaning services offered at Dan Oasis Beach Hotel and Apartment?, ,Which languages are spoken by the staff at Dan Oasis Beach Hotel and Apartment?, ",26.0,118.0,#99 of 900 hotels in Da Nang,45.0,35.0,21.0,Excellent,30.0,"Modern,Romantic",,11.0,https://www.tripadvisor.com/Hotel_Review-g298085-d7621465-Reviews-Dan_Oasis_Beach_Hotel_and_Apartment-Da_Nang.html
"DT605, Hoa Tien, Hoa Vang, Da Nang Vietnam",,,,,,Thanh Hoa Sabaidi,,Vietnam,"Vietnam,Da Nang","Which popular attractions are close to Thanh Hoa Sabaidi?, ,What are some restaurants close to Thanh Hoa Sabaidi?, ",,,,,,,,,,,,https://www.tripadvisor.com/Hotel_Review-g298085-d17603019-Reviews-Thanh_Hoa_Sabaidi-Da_Nang.html
"238 Phan Khu B2 - 4 , Kdc So 1 Duong Dt 605, Thon Duong Son, Xa Hoa Chau, Huyen Hoa Vang, Da Nang Vietnam",,,,,,OYO 1106 Duong Chau Phat Hotel,,Vietnam,"Vietnam,Da Nang","Which popular attractions are close to OYO 1106 Duong Chau Phat Hotel?, ,What are some restaurants close to OYO 1106 Duong Chau Phat Hotel?, ",,,,,,,,,,,,https://www.tripadvisor.com/Hotel_Review-g298085-d21097649-Reviews-OYO_1106_Duong_Chau_Phat_Hotel-Da_Nang.html
"18-20 Pham Phu Thu Street, Ward Hai Chau, District Hai Chau, Da Nang 550000 Vietnam",24.0,91.0,90.0,,,OYO 157 Centre Hotel,$51,$24,"$24, - ,$51","Which popular attractions are close to OYO 157 Centre Hotel?, ,What are some of the property amenities at OYO 157 Centre Hotel?, ,Which room amenities are available at OYO 157 Centre Hotel?, ,What food & drink options are available at OYO 157 Centre Hotel?, ,Is parking available at OYO 157 Centre Hotel?, ,What are some restaurants close to OYO 157 Centre Hotel?, ,Does OYO 157 Centre Hotel have airport transportation?, ,Are any cleaning services offered at OYO 157 Centre Hotel?, ,Does OYO 157 Centre Hotel offer any business services?, ,Is OYO 157 Centre Hotel accessible?, ",63.0,120.0,#109 of 900 hotels in Da Nang,45.0,30.0,146.0,Excellent,75.0,"Centrally Located,Business",,17.0,https://www.tripadvisor.com/Hotel_Review-g298085-d10151876-Reviews-OYO_157_Centre_Hotel-Da_Nang.html
"107 Vo Nguyen Giap, Ngu Hanh Son Furama Villas S20, Da Nang 50000 Vietnam",2.0,54.0,3.0,"English, French, Russian, Spanish",,Abogo,100,Vietnam,"Vietnam,Da Nang,100","Which popular attractions are close to Abogo?, ,What are some of the property amenities at Abogo?, ,Which room amenities are available at Abogo?, ,What food & drink options are available at Abogo?, ,Is parking available at Abogo?, ,What are some restaurants close to Abogo?, ,Are there opportunities to exercise at Abogo?, ,Does Abogo have an airport shuttle?, ,Does Abogo have airport transportation?, ,Are any cleaning services offered at Abogo?, ",14.0,2.0,#304 of 900 hotels in Da Nang,50.0,,14.0,Excellent,100.0,,,2.0,https://www.tripadvisor.com/Hotel_Review-g298085-d21321518-Reviews-Abogo-Da_Nang.html
"27 Luu Quang Thuan, Hoa Hai, Da Nang Vietnam",5.0,76.0,,,,Vernal Home Boutique Villa,Hoa Hai,Vietnam,"Vietnam,Da Nang,Hoa Hai","Which popular attractions are close to Vernal Home Boutique Villa?, ",,,,,,38.0,,,,,,https://www.tripadvisor.com/Hotel_Review-g20045940-d23262374-Reviews-Vernal_Home_Boutique_Villa-Hoa_Hai_Da_Nang.html
"82B Che Lan Vien, My An, Da Nang Vietnam",6.0,69.0,,,,Beach Pool Villa Da Nang- Boss Villa - Near My Khe Beach,My An,Vietnam,"Vietnam,Da Nang,My An","Which popular attractions are close to Beach Pool Villa Da Nang- Boss Villa - Near My Khe Beach?, ,What are some restaurants close to Beach Pool Villa Da Nang- Boss Villa - Near My Khe Beach?, ",,,,,,39.0,,,,,,https://www.tripadvisor.com/Hotel_Review-g15296807-d23340673-Reviews-Beach_Pool_Villa_Da_Nang_Boss_Villa_Near_My_Khe_Beach-My_An_Da_Nang.html
"03 Tran Quoc Toan Street, Hai Chau District, Da Nang 550000 Vietnam",26.0,94.0,122.0,"English, Vietnamese",,Memory Hostel,$31,$15,"$15, - ,$31","Which popular attractions are close to Memory Hostel?, ,What are some of the property amenities at Memory Hostel?, ,What food & drink options are available at Memory Hostel?, ,Is parking available at Memory Hostel?, ,What are some restaurants close to Memory Hostel?, ,Does Memory Hostel have an airport shuttle?, ,Does Memory Hostel have airport transportation?, ,Which languages are spoken by the staff at Memory Hostel?, ",13.0,121.0,#9 of 813 Specialty lodging in Da Nang,45.0,10.0,166.0,Excellent,7.0,"Trendy,Budget",,6.0,https://www.tripadvisor.com/Hotel_Review-g298085-d9593925-Reviews-Memory_Hostel-Da_Nang.html
"Block 30, 31, 32 Nguyen Van Thoai Street Ngu Hanh Son District, Da Nang 550000 Vietnam",3.0,79.0,40.0,"English, French, Chinese, Vietnamese",,Bac Cuong Hotel,$52,$17,"$17, - ,$52","Which popular attractions are close to Bac Cuong Hotel?, ,What are some of the property amenities at Bac Cuong Hotel?, ,What food & drink options are available at Bac Cuong Hotel?, ,Is parking available at Bac Cuong Hotel?, ,What are some restaurants close to Bac Cuong Hotel?, ,Does Bac Cuong Hotel offer any business services?, ,Which languages are spoken by the staff at Bac Cuong Hotel?, ",40.0,122.0,#292 of 900 hotels in Da Nang,35.0,30.0,80.0,Very good,100.0,,,5.0,https://www.tripadvisor.com/Hotel_Review-g298085-d6930541-Reviews-Bac_Cuong_Hotel-Da_Nang.html
"28 Dang Xuan Thieu, Ngu Hanh Son, Da Nang Vietnam",,,,Vietnamese,,Ngan Ha Motel,,Vietnam,"Vietnam,Da Nang","Which popular attractions are close to Ngan Ha Motel?, ,What are some of the property amenities at Ngan Ha Motel?, ,What food & drink options are available at Ngan Ha Motel?, ,Is parking available at Ngan Ha Motel?, ,What are some restaurants close to Ngan Ha Motel?, ,Does Ngan Ha Motel have airport transportation?, ,Are any cleaning services offered at Ngan Ha Motel?, ",,,,,,,,,,,,https://www.tripadvisor.com/Hotel_Review-g298085-d12432531-Reviews-Ngan_Ha_Motel-Da_Nang.html
"424 Vo Nguyen Giap, My An ward, Ngu Hanh Son District ₫, Da Nang Vietnam",5.0,66.0,50.0,"English, Chinese, Thai, Vietnamese",,Fansipan Danang Hotel,$55,$25,"$25, - ,$55","Which popular attractions are close to Fansipan Danang Hotel?, ,What are some of the property amenities at Fansipan Danang Hotel?, ,Which room amenities are available at Fansipan Danang Hotel?, ,What food & drink options are available at Fansipan Danang Hotel?, ,Is parking available at Fansipan Danang Hotel?, ,What are some restaurants close to Fansipan Danang Hotel?, ,Are there opportunities to exercise at Fansipan Danang Hotel?, ,Does Fansipan Danang Hotel have an airport shuttle?, ,Does Fansipan Danang Hotel have airport transportation?, ,Are any cleaning services offered at Fansipan Danang Hotel?, ,Does Fansipan Danang Hotel offer any business services?, ",72.0,122.0,#178 of 900 hotels in Da Nang,35.0,30.0,33.0,Very good,80.0,"Mid-range,Family",,7.0,https://www.tripadvisor.com/Hotel_Review-g298085-d3222457-Reviews-Fansipan_Danang_Hotel-Da_Nang.html
"01 Mai Hac De Street, Son Tra District, Da Nang Vietnam",10.0,78.0,58.0,,,D&C Hotel,$26,$13,"$13, - ,$26","Which popular attractions are close to D&C Hotel?, ,What are some of the property amenities at D&C Hotel?, ,Which room amenities are available at D&C Hotel?, ,What food & drink options are available at D&C Hotel?, ,Is parking available at D&C Hotel?, ,What are some restaurants close to D&C Hotel?, ,Are any cleaning services offered at D&C Hotel?, ,Is D&C Hotel accessible?, ",27.0,123.0,#10 of 628 B&Bs / Inns in Da Nang,40.0,20.0,29.0,Very good,28.0,Modern,,11.0,https://www.tripadvisor.com/Hotel_Review-g298085-d3794014-Reviews-D_C_Hotel-Da_Nang.html
"An Son, Da Nang Vietnam",,,,,,BA NA by Night Hotel,,Vietnam,"Vietnam,Da Nang","Which popular attractions are close to BA NA by Night Hotel?, ",,,,,,,,,,,,https://www.tripadvisor.com/Hotel_Review-g298085-d21101436-Reviews-BA_NA_by_Night_Hotel-Da_Nang.html
"04 _p B_c Near Trần Đại Nghĩa Bus Stop, Hoa Hai, Da Nang 550000 Vietnam",,,,,,OYO 1064 Phat Tai Hotel And Apartment,Hoa Hai,Vietnam,"Vietnam,Da Nang,Hoa Hai","Which popular attractions are close to OYO 1064 Phat Tai Hotel And Apartment?, ,What are some restaurants close to OYO 1064 Phat Tai Hotel And Apartment?, ,Is OYO 1064 Phat Tai Hotel And Apartment located near the city center?, ",,,,,,,,,,,,https://www.tripadvisor.com/Hotel_Review-g20045940-d21176352-Reviews-OYO_1064_Phat_Tai_Hotel_And_Apartment-Hoa_Hai_Da_Nang.html
"Nguyen Tat Thanh, Lien Chieu, Da Nang 550000 Vietnam",,,,,,OYO 649 Nha Khach 683,Da Nang,Nha Khach 683,"Nha Khach 683,Vietnam,Da Nang","Which popular attractions are close to OYO 649 Nha Khach 683?, ,Is parking available at OYO 649 Nha Khach 683?, ,What are some restaurants close to OYO 649 Nha Khach 683?, ",,,,,,,,36.0,,,,https://www.tripadvisor.com/Hotel_Review-g16740551-d19958521-Reviews-OYO_649_Nha_Khach_683-Lien_Chieu_Da_Nang.html
"Near Phan Van Dang, Da Nang Vietnam",,,,,,SPOT ON 1012 Kim Anh Motel,,Vietnam,"Vietnam,Da Nang","Which popular attractions are close to SPOT ON 1012 Kim Anh Motel?, ,What are some restaurants close to SPOT ON 1012 Kim Anh Motel?, ",,,,,,,,,,,,https://www.tripadvisor.com/Hotel_Review-g298085-d23236854-Reviews-SPOT_ON_1012_Kim_Anh_Motel-Da_Nang.html
"The Ocean Villas, Hoa Hai, Ngu Hanh Son, Da Nang Vietnam",29.0,43.0,,,,Hepro Beach Villas,3,Vietnam,"Vietnam,Da Nang,3","Which popular attractions are close to Hepro Beach Villas?, ,What are some of the property amenities at Hepro Beach Villas?, ,What food & drink options are available at Hepro Beach Villas?, ,Is parking available at Hepro Beach Villas?, ,What are some restaurants close to Hepro Beach Villas?, ,Are there opportunities to exercise at Hepro Beach Villas?, ",,,,,,148.0,,3.0,,,,https://www.tripadvisor.com/Hotel_Review-g298085-d18978523-Reviews-Hepro_Beach_Villas-Da_Nang.html
"269 Ho Nghinh Phuoc My Ward, Son Tra District, Da Nang 550000 Vietnam",,,,,,Kelly's Apartment,7,Vietnam,"Vietnam,Da Nang,7","Which popular attractions are close to Kelly's Apartment?, ,What are some of the property amenities at Kelly's Apartment?, ,What food & drink options are available at Kelly's Apartment?, ,Is parking available at Kelly's Apartment?, ,What are some restaurants close to Kelly's Apartment?, ,Does Kelly's Apartment have airport transportation?, ",,,,,30.0,,,7.0,,,,https://www.tripadvisor.com/Hotel_Review-g298085-d14111521-Reviews-Kelly_s_Apartment-Da_Nang.html
"82 Ba Huyen Thanh Quan, Da Nang Vietnam",5.0,69.0,,,,Nha Nghi Thien Trung Duong,,Vietnam,"Vietnam,Da Nang","Which popular attractions are close to Nha Nghi Thien Trung Duong?, ",,,,,,60.0,,,,,,https://www.tripadvisor.com/Hotel_Review-g298085-d17606645-Reviews-Nha_Nghi_Thien_Trung_Duong-Da_Nang.html
Da Nang 50000 Vietnam,4.0,66.0,35.0,"English, French, Russian, Chinese",,Tehana Beach Hotel Da Nang,24,Vietnam,"Vietnam,Da Nang,24","Which popular attractions are close to Tehana Beach Hotel Da Nang?, ,What are some of the property amenities at Tehana Beach Hotel Da Nang?, ,Which room amenities are available at Tehana Beach Hotel Da Nang?, ,What food & drink options are available at Tehana Beach Hotel Da Nang?, ,Is parking available at Tehana Beach Hotel Da Nang?, ,What are some restaurants close to Tehana Beach Hotel Da Nang?, ,Does Tehana Beach Hotel Da Nang have airport transportation?, ,Are any cleaning services offered at Tehana Beach Hotel Da Nang?, ,Does Tehana Beach Hotel Da Nang offer any business services?, ,Which languages are spoken by the staff at Tehana Beach Hotel Da Nang?, ",1.0,1.0,#349 of 900 hotels in Da Nang,50.0,,39.0,Excellent,24.0,,,1.0,https://www.tripadvisor.com/Hotel_Review-g298085-d21401586-Reviews-Tehana_Beach_Hotel_Da_Nang-Da_Nang.html
"352-354 Vo Nguyen Giap My An, Ngu Hanh Son, Da Nang 550000 Vietnam",3.0,66.0,1.0,,,Sea Flower Hotel Da Nang,30,Vietnam,"Vietnam,Da Nang,30","Which popular attractions are close to Sea Flower Hotel Da Nang?, ,What are some of the property amenities at Sea Flower Hotel Da Nang?, ,What food & drink options are available at Sea Flower Hotel Da Nang?, ,Is parking available at Sea Flower Hotel Da Nang?, ,What are some restaurants close to Sea Flower Hotel Da Nang?, ,Are there opportunities to exercise at Sea Flower Hotel Da Nang?, ",1.0,1.0,#455 of 900 hotels in Da Nang,10.0,30.0,35.0,Terrible,30.0,,,1.0,https://www.tripadvisor.com/Hotel_Review-g298085-d15698400-Reviews-Sea_Flower_Hotel_Da_Nang-Da_Nang.html
"S_ 69, Nu_c M_n 5, Phu_ng Khue M_, Qu_n Ngu Hanh Son Carmen Apartment Da Nang, Da Nang Vietnam",,,,,,Carmen Apartment Da Nang,,Vietnam,"Vietnam,Da Nang","Which popular attractions are close to Carmen Apartment Da Nang?, ,What are some restaurants close to Carmen Apartment Da Nang?, ",,,,,,,,,,,,https://www.tripadvisor.com/Hotel_Review-g298085-d23377506-Reviews-Carmen_Apartment_Da_Nang-Da_Nang.html
"227, Ho Nghinh, Phuoc My, Da Nang 550000 Vietnam",12.0,100.0,20.0,"English, Korean, Vietnamese",,OYO 389 Gold Summer Hotel,$51,$11,"$11, - ,$51","Which popular attractions are close to OYO 389 Gold Summer Hotel?, ,What are some of the property amenities at OYO 389 Gold Summer Hotel?, ,Which room amenities are available at OYO 389 Gold Summer Hotel?, ,What food & drink options are available at OYO 389 Gold Summer Hotel?, ,Is parking available at OYO 389 Gold Summer Hotel?, ,What are some restaurants close to OYO 389 Gold Summer Hotel?, ,Does OYO 389 Gold Summer Hotel have an airport shuttle?, ,Does OYO 389 Gold Summer Hotel have airport transportation?, ,Is OYO 389 Gold Summer Hotel located near the city center?, ,Which languages are spoken by the staff at OYO 389 Gold Summer Hotel?, ,Is OYO 389 Gold Summer Hotel accessible?, ",8.0,123.0,#3 of 17 hotels in Phuoc My,40.0,30.0,85.0,Very good,22.0,Modern,,2.0,https://www.tripadvisor.com/Hotel_Review-g19779171-d7937403-Reviews-OYO_389_Gold_Summer_Hotel-Phuoc_My_Son_Tra_Peninsula_Da_Nang.html
"170 Vo Nguyen Giap, Da Nang 550000 Vietnam",,,15.0,,,Radisson Hotel Danang,$404,$43,"$43, - ,$404",,37.0,3.0,#293 of 900 hotels in Da Nang,45.0,40.0,,Excellent,,,,11.0,https://www.tripadvisor.com/Hotel_Review-g298085-d23169144-Reviews-Radisson_Hotel_Danang-Da_Nang.html
"30-B2.1 Ngo Thi Si Khu An Thuong, Da Nang 511 Vietnam",8.0,74.0,32.0,,,Indochine Danang Hotel,25,Vietnam,"Vietnam,Da Nang,25","Which popular attractions are close to Indochine Danang Hotel?, ,What are some of the property amenities at Indochine Danang Hotel?, ,What food & drink options are available at Indochine Danang Hotel?, ,Is parking available at Indochine Danang Hotel?, ,What are some restaurants close to Indochine Danang Hotel?, ",17.0,124.0,#181 of 900 hotels in Da Nang,40.0,,143.0,Very good,25.0,,,6.0,https://www.tripadvisor.com/Hotel_Review-g298085-d2096990-Reviews-Indochine_Danang_Hotel-Da_Nang.html
"104 102, Ho Xuan Huong, Ngu Hanh Son Dist., Da Nang 550000 Vietnam",5.0,65.0,46.0,,,Titan Hotel Da Nang,$25,$16,"$16, - ,$25","Which popular attractions are close to Titan Hotel Da Nang?, ,What are some of the property amenities at Titan Hotel Da Nang?, ,Which room amenities are available at Titan Hotel Da Nang?, ,What food & drink options are available at Titan Hotel Da Nang?, ,Is parking available at Titan Hotel Da Nang?, ,What are some restaurants close to Titan Hotel Da Nang?, ,Does Titan Hotel Da Nang have airport transportation?, ,Are any cleaning services offered at Titan Hotel Da Nang?, ",69.0,125.0,#133 of 900 hotels in Da Nang,40.0,30.0,36.0,Very good,45.0,Family,,5.0,https://www.tripadvisor.com/Hotel_Review-g298085-d9454948-Reviews-Titan_Hotel_Da_Nang-Da_Nang.html
"258 Vo Nguyen Giap, Da Nang 550000 Vietnam",4.0,60.0,141.0,"English, Korean, Vietnamese",,DLG Hotel,$107,$43,"$43, - ,$107","Which popular attractions are close to DLG Hotel?, ,What are some of the property amenities at DLG Hotel?, ,Which room amenities are available at DLG Hotel?, ,What food & drink options are available at DLG Hotel?, ,Is parking available at DLG Hotel?, ,What are some restaurants close to DLG Hotel?, ,Are there opportunities to exercise at DLG Hotel?, ,Does DLG Hotel have airport transportation?, ,Are any cleaning services offered at DLG Hotel?, ,Does DLG Hotel offer any business services?, ",76.0,126.0,#33 of 900 hotels in Da Nang,50.0,50.0,21.0,Excellent,237.0,"Trendy,Business",,33.0,https://www.tripadvisor.com/Hotel_Review-g298085-d14094174-Reviews-DLG_Hotel-Da_Nang.html
"132-134-136 Bach Dang Street, Da Nang 550000 Vietnam",21.0,91.0,84.0,"English, Vietnamese",,Sun River Hotel,$85,$20,"$20, - ,$85","Which popular attractions are close to Sun River Hotel?, ,What are some of the property amenities at Sun River Hotel?, ,Which room amenities are available at Sun River Hotel?, ,What food & drink options are available at Sun River Hotel?, ,Is parking available at Sun River Hotel?, ,What are some restaurants close to Sun River Hotel?, ,Does Sun River Hotel have an airport shuttle?, ,Does Sun River Hotel have airport transportation?, ,Are any cleaning services offered at Sun River Hotel?, ,Does Sun River Hotel offer any business services?, ",56.0,126.0,#163 of 900 hotels in Da Nang,35.0,30.0,138.0,Very good,50.0,"River View,Centrally Located",,11.0,https://www.tripadvisor.com/Hotel_Review-g298085-d1655723-Reviews-Sun_River_Hotel-Da_Nang.html
"15-16 Hoang Sa Son Tra, Da Nang 550000 Vietnam",3.0,48.0,134.0,"English, Chinese, Korean, Vietnamese",,Seashore Hotel - Apartment,$48,$24,"$24, - ,$48","Which popular attractions are close to Seashore Hotel - Apartment?, ,What are some of the property amenities at Seashore Hotel - Apartment?, ,Which room amenities are available at Seashore Hotel - Apartment?, ,What food & drink options are available at Seashore Hotel - Apartment?, ,Is parking available at Seashore Hotel - Apartment?, ,What are some restaurants close to Seashore Hotel - Apartment?, ,Are there opportunities to exercise at Seashore Hotel - Apartment?, ,Does Seashore Hotel - Apartment have an airport shuttle?, ,Does Seashore Hotel - Apartment have airport transportation?, ,Are any cleaning services offered at Seashore Hotel - Apartment?, ,Does Seashore Hotel - Apartment offer any business services?, ",60.0,126.0,#94 of 900 hotels in Da Nang,45.0,30.0,29.0,Excellent,80.0,"Romantic,Ocean View",,13.0,https://www.tripadvisor.com/Hotel_Review-g298085-d14969237-Reviews-Seashore_Hotel_Apartment-Da_Nang.html
"Lot A2 Street 2/9 Hai Chau District, Da Nang 550000 Vietnam",9.0,58.0,95.0,Vietnamese,,Grand Cititel Danang Hotel,$71,$32,"$32, - ,$71","Which popular attractions are close to Grand Cititel Danang Hotel?, ,What are some of the property amenities at Grand Cititel Danang Hotel?, ,What food & drink options are available at Grand Cititel Danang Hotel?, ,What are some restaurants close to Grand Cititel Danang Hotel?, ,Are there opportunities to exercise at Grand Cititel Danang Hotel?, ,Does Grand Cititel Danang Hotel have airport transportation?, ",63.0,126.0,#15 of 900 hotels in Da Nang,50.0,30.0,39.0,Excellent,90.0,"Business,Charming",,42.0,https://www.tripadvisor.com/Hotel_Review-g298085-d15521854-Reviews-Grand_Cititel_Danang_Hotel-Da_Nang.html
"A2.3 Hoang Sa Street Tho Quang Ward, Son Tra District, Da Nang 550000 Vietnam",1.0,39.0,156.0,"English, Vietnamese",,The Code Hotel & Spa,$65,$31,"$31, - ,$65","Which popular attractions are close to The Code Hotel & Spa?, ,What are some of the property amenities at The Code Hotel & Spa?, ,Which room amenities are available at The Code Hotel & Spa?, ,What food & drink options are available at The Code Hotel & Spa?, ,Is parking available at The Code Hotel & Spa?, ,What are some restaurants close to The Code Hotel & Spa?, ,Are there opportunities to exercise at The Code Hotel & Spa?, ,Does The Code Hotel & Spa have airport transportation?, ,Are any cleaning services offered at The Code Hotel & Spa?, ,Are pets allowed at The Code Hotel & Spa?, ,Does The Code Hotel & Spa offer any business services?, ",53.0,126.0,#22 of 900 hotels in Da Nang,50.0,30.0,17.0,Excellent,110.0,Romantic,,20.0,https://www.tripadvisor.com/Hotel_Review-g298085-d16820992-Reviews-The_Code_Hotel_Spa-Da_Nang.html
"85-87 Ha Bong, Phuoc My Ward, Son Tra District, Da Nang 550000 Vietnam",12.0,84.0,177.0,"English, Vietnamese",,Le House Boutique Hotel,$34,$19,"$19, - ,$34","Which popular attractions are close to Le House Boutique Hotel?, ,What are some of the property amenities at Le House Boutique Hotel?, ,Which room amenities are available at Le House Boutique Hotel?, ,What food & drink options are available at Le House Boutique Hotel?, ,Is parking available at Le House Boutique Hotel?, ,What are some restaurants close to Le House Boutique Hotel?, ,Does Le House Boutique Hotel have airport transportation?, ,Are any cleaning services offered at Le House Boutique Hotel?, ,Which languages are spoken by the staff at Le House Boutique Hotel?, ,Does Le House Boutique Hotel have any great views?, ",61.0,132.0,#112 of 900 hotels in Da Nang,45.0,30.0,83.0,Excellent,49.0,"Boutique,Trendy",,23.0,https://www.tripadvisor.com/Hotel_Review-g298085-d8462721-Reviews-Le_House_Boutique_Hotel-Da_Nang.html
"170 Bach Dang Street, Hai Chau District, Da Nang 550000 Vietnam",25.0,92.0,164.0,"English, Vietnamese",,AVORA Hotel Danang,$42,$32,"$32, - ,$42","Which popular attractions are close to AVORA Hotel Danang?, ,What are some of the property amenities at AVORA Hotel Danang?, ,Which room amenities are available at AVORA Hotel Danang?, ,What food & drink options are available at AVORA Hotel Danang?, ,Is parking available at AVORA Hotel Danang?, ,What are some restaurants close to AVORA Hotel Danang?, ,Are any cleaning services offered at AVORA Hotel Danang?, ,Which languages are spoken by the staff at AVORA Hotel Danang?, ",93.0,139.0,#104 of 900 hotels in Da Nang,45.0,30.0,142.0,Excellent,33.0,"Centrally Located,Great View",,31.0,https://www.tripadvisor.com/Hotel_Review-g298085-d12006927-Reviews-AVORA_Hotel_Danang-Da_Nang.html
"Hoang Sa Street Bai Nam, Bai Con,Tho Quang Ward, Sontra District, Da Nang 700000 Vietnam",48.0,43.0,267.0,,,Son Tra Resort & Spa,$165,$59,"$59, - ,$165","Which popular attractions are close to Son Tra Resort & Spa?, ,What are some of the property amenities at Son Tra Resort & Spa?, ,Which room amenities are available at Son Tra Resort & Spa?, ,What food & drink options are available at Son Tra Resort & Spa?, ,Is parking available at Son Tra Resort & Spa?, ,What are some restaurants close to Son Tra Resort & Spa?, ,Are there opportunities to exercise at Son Tra Resort & Spa?, ,Does Son Tra Resort & Spa have airport transportation?, ,Are any cleaning services offered at Son Tra Resort & Spa?, ,Does Son Tra Resort & Spa have any great views?, ",147.0,139.0,#48 of 813 Specialty lodging in Da Nang,35.0,40.0,361.0,Very good,24.0,"Ocean View,Great View",,84.0,https://www.tripadvisor.com/Hotel_Review-g298085-d1656977-Reviews-Son_Tra_Resort_Spa-Da_Nang.html
"925/5 Ngo Quyen, An Hai Dong, Da Nang 550000 Vietnam",10.0,87.0,,,,OYO 1054 Rong Vang Hotel,Son Tra Peninsula,Vietnam,"Vietnam,Da Nang,Son Tra Peninsula","Which popular attractions are close to OYO 1054 Rong Vang Hotel?, ,What are some restaurants close to OYO 1054 Rong Vang Hotel?, ",,,,,,34.0,,18.0,,,,https://www.tripadvisor.com/Hotel_Review-g15327804-d21106956-Reviews-OYO_1054_Rong_Vang_Hotel-An_Hai_Dong_Son_Tra_Peninsula_Da_Nang.html
,,,,,,San Apartment,Son Tra Peninsula,Vietnam,"Vietnam,Da Nang,Son Tra Peninsula",,,,,,,,,,,,,https://www.tripadvisor.com/Hotel_Review-g15327804-d23357730-Reviews-San_Apartment-An_Hai_Dong_Son_Tra_Peninsula_Da_Nang.html
"55 An Trung Dong 7, An Hai Dong, Da Nang Vietnam",1.0,81.0,,,,Hanna House,Son Tra Peninsula,Vietnam,"Vietnam,Da Nang,Son Tra Peninsula","Which popular attractions are close to Hanna House?, ,What are some restaurants close to Hanna House?, ",,,,,,11.0,,,,,,https://www.tripadvisor.com/Hotel_Review-g15327804-d23181360-Reviews-Hanna_House-An_Hai_Dong_Son_Tra_Peninsula_Da_Nang.html
,,,,,,A25 Hotel,Son Tra Peninsula,Vietnam,"Vietnam,Da Nang,Son Tra Peninsula",,,,,,,,,,,,,https://www.tripadvisor.com/Hotel_Review-g23338312-d23343830-Reviews-A25_Hotel-Nai_Hien_Dong_Son_Tra_Peninsula_Da_Nang.html
"Lo 35 - B3 11 Phan Ba Vanh, Nai Hien Dong, Da Nang Vietnam",195.0,43.0,,,,Mango House,Son Tra Peninsula,Vietnam,"Vietnam,Da Nang,Son Tra Peninsula","Which popular attractions are close to Mango House?, ,What are some restaurants close to Mango House?, ,Is Mango House located near the city center?, ",,,,,,1405.0,,,,,,https://www.tripadvisor.com/Hotel_Review-g23338312-d23337718-Reviews-Mango_House-Nai_Hien_Dong_Son_Tra_Peninsula_Da_Nang.html
"115 Ha Ky Ngo, Phuoc My, Da Nang 550000 Vietnam",1.0,75.0,,,,ChaCa House,Son Tra Peninsula,Vietnam,"Vietnam,Da Nang,Son Tra Peninsula","Which popular attractions are close to ChaCa House?, ,What are some restaurants close to ChaCa House?, ",,,,,,20.0,,,,,,https://www.tripadvisor.com/Hotel_Review-g19779171-d21377431-Reviews-ChaCa_House-Phuoc_My_Son_Tra_Peninsula_Da_Nang.html
"T113 Hoang Sa, Da Nang 550000 Vietnam",1.0,42.0,1.0,,,Nguyen Gia Hotel,Son Tra Peninsula,Vietnam,"Vietnam,Da Nang,Son Tra Peninsula","Which popular attractions are close to Nguyen Gia Hotel?, ",27.0,1.0,#18 of 81 hotels in Son Tra Peninsula,50.0,30.0,17.0,Excellent,,,,2.0,https://www.tripadvisor.com/Hotel_Review-g17786366-d23333380-Reviews-Nguyen_Gia_Hotel-Son_Tra_Peninsula_Da_Nang.html
,,,,,,Happyhouse Apartment Danang,$53,$52,"$52, - ,$53",,,,,,,,,,,,,https://www.tripadvisor.com/Hotel_Review-g17786366-d21302110-Reviews-Happyhouse_Apartment_Danang-Son_Tra_Peninsula_Da_Nang.html
"311 Chinh Huu, Phuong Phuoc My, Da Nang Vietnam",1.0,78.0,,,,Fun House Hotel & Apartment,$15,$12,"$12, - ,$15","Which popular attractions are close to Fun House Hotel & Apartment?, ",,,,,,31.0,,,,,,https://www.tripadvisor.com/Hotel_Review-g17786366-d21210549-Reviews-Fun_House_Hotel_Apartment-Son_Tra_Peninsula_Da_Nang.html
,,,,,,Zoneland Premium - Ngoc Lan Hotel,Son Tra Peninsula,Vietnam,"Vietnam,Da Nang,Son Tra Peninsula",,,,,,30.0,,,8.0,,,,https://www.tripadvisor.com/Hotel_Review-g19935676-d21133226-Reviews-Zoneland_Premium_Ngoc_Lan_Hotel-An_Hai_Bac_Son_Tra_Peninsula_Da_Nang.html
"36 Pham Van Dong, Da Nang 550000 Vietnam",10.0,89.0,,,,HMN Hotel & Apartment,Son Tra Peninsula,Vietnam,"Vietnam,Da Nang,Son Tra Peninsula","Which popular attractions are close to HMN Hotel & Apartment?, ",,,,,,71.0,,,,,,https://www.tripadvisor.com/Hotel_Review-g17786366-d21507349-Reviews-HMN_Hotel_Apartment-Son_Tra_Peninsula_Da_Nang.html
,,,,,,My Phuc Homestay,Son Tra Peninsula,Vietnam,"Vietnam,Da Nang,Son Tra Peninsula",,,,,,,,,,,,,https://www.tripadvisor.com/Hotel_Review-g17786366-d23389048-Reviews-My_Phuc_Homestay-Son_Tra_Peninsula_Da_Nang.html
"74/31 Vo Van Kiet, Da Nang Vietnam",1.0,75.0,,,,The Nang Suites,Son Tra Peninsula,Vietnam,"Vietnam,Da Nang,Son Tra Peninsula","Which popular attractions are close to The Nang Suites?, ",,,,,,19.0,,,,,,https://www.tripadvisor.com/Hotel_Review-g17786366-d21301678-Reviews-The_Nang_Suites-Son_Tra_Peninsula_Da_Nang.html
"97 Ha K_ Ng_, Da Nang Vietnam",4.0,57.0,,,,Diamond Apartment,Son Tra Peninsula,Vietnam,"Vietnam,Da Nang,Son Tra Peninsula","Which popular attractions are close to Diamond Apartment?, ",,,,,,54.0,,,,,,https://www.tripadvisor.com/Hotel_Review-g17786366-d23362711-Reviews-Diamond_Apartment-Son_Tra_Peninsula_Da_Nang.html
,,,,,,MT Hotel,Son Tra Peninsula,Vietnam,"Vietnam,Da Nang,Son Tra Peninsula",,,,,,,,,,,,,https://www.tripadvisor.com/Hotel_Review-g17786366-d21504960-Reviews-MT_Hotel-Son_Tra_Peninsula_Da_Nang.html
,,,,,,La Mer Studio,Son Tra Peninsula,Vietnam,"Vietnam,Da Nang,Son Tra Peninsula",,,,,,,,,,,,,https://www.tripadvisor.com/Hotel_Review-g17786366-d23352354-Reviews-La_Mer_Studio-Son_Tra_Peninsula_Da_Nang.html
,,,,,,An Homestay,Son Tra Peninsula,Vietnam,"Vietnam,Da Nang,Son Tra Peninsula",,,,,,,,,,,,,https://www.tripadvisor.com/Hotel_Review-g17786366-d23433547-Reviews-An_Homestay-Son_Tra_Peninsula_Da_Nang.html
,,,,,,Rich Home Hotel,Son Tra Peninsula,Vietnam,"Vietnam,Da Nang,Son Tra Peninsula",,,,,,,,,,,,,https://www.tripadvisor.com/Hotel_Review-g17786366-d23337995-Reviews-Rich_Home_Hotel-Son_Tra_Peninsula_Da_Nang.html
"21 Pham Tu, Da Nang Vietnam",7.0,92.0,,,,Nha Nghi Hai Anh,Son Tra Peninsula,Vietnam,"Vietnam,Da Nang,Son Tra Peninsula","Which popular attractions are close to Nha Nghi Hai Anh?, ",,,,,,71.0,,,,,,https://www.tripadvisor.com/Hotel_Review-g17786366-d17758924-Reviews-Nha_Nghi_Hai_Anh-Son_Tra_Peninsula_Da_Nang.html
"86 Loseby, Da Nang 550000 Vietnam",3.0,86.0,,,,Rich Home Hotel,Son Tra Peninsula,Vietnam,"Vietnam,Da Nang,Son Tra Peninsula","Which popular attractions are close to Rich Home Hotel?, ",,,,,,38.0,,,,,,https://www.tripadvisor.com/Hotel_Review-g17786366-d23337944-Reviews-Rich_Home_Hotel-Son_Tra_Peninsula_Da_Nang.html
,,,,,,Ah Hanh's Villa,Son Tra Peninsula,Vietnam,"Vietnam,Da Nang,Son Tra Peninsula",,,,,,,,,,,,,https://www.tripadvisor.com/Hotel_Review-g17786366-d21459580-Reviews-Ah_Hanh_s_Villa-Son_Tra_Peninsula_Da_Nang.html
"167 Tr_n Hung D_o, Da Nang Vietnam",2.0,72.0,,,,Phu Khang Hotel,$50,$19,"$19, - ,$50","Which popular attractions are close to Phu Khang Hotel?, ,What are some restaurants close to Phu Khang Hotel?, ",,,,,,21.0,,,,,,https://www.tripadvisor.com/Hotel_Review-g17786366-d21504705-Reviews-Phu_Khang_Hotel-Son_Tra_Peninsula_Da_Nang.html
"35 Phu_c Tru_ng 11, Da Nang Vietnam",3.0,77.0,,,,Yen House & Coffee,Son Tra Peninsula,Vietnam,"Vietnam,Da Nang,Son Tra Peninsula","Which popular attractions are close to Yen House & Coffee?, ",,,,,,29.0,,,,,,https://www.tripadvisor.com/Hotel_Review-g17786366-d23327408-Reviews-Yen_House_Coffee-Son_Tra_Peninsula_Da_Nang.html
,,,,,,Khu Nghi Duong Galina Da Nang Mud Bath & Spa,Son Tra Peninsula,Vietnam,"Vietnam,Da Nang,Son Tra Peninsula",,,,,,,,,,,,,https://www.tripadvisor.com/Hotel_Review-g19779171-d23417731-Reviews-Khu_Nghi_Duong_Galina_Da_Nang_Mud_Bath_Spa-Phuoc_My_Son_Tra_Peninsula_Da_Nang.html
,,,,,,Tien Sa 2 Hotel Da Nang,Son Tra Peninsula,Vietnam,"Vietnam,Da Nang,Son Tra Peninsula",,,,,,,,,,,,,https://www.tripadvisor.com/Hotel_Review-g17786366-d20980368-Reviews-Tien_Sa_2_Hotel_Da_Nang-Son_Tra_Peninsula_Da_Nang.html
,,,,,,Park View Apartment,Son Tra Peninsula,Vietnam,"Vietnam,Da Nang,Son Tra Peninsula",,,,,,,,,,,,,https://www.tripadvisor.com/Hotel_Review-g19779171-d22844549-Reviews-Park_View_Apartment-Phuoc_My_Son_Tra_Peninsula_Da_Nang.html
"107 Vo Nguyen Giap, Da Nang 550000 Vietnam",2.0,53.0,,,,Champa Villa - Furama Villas Danang,Son Tra Peninsula,Vietnam,"Vietnam,Da Nang,Son Tra Peninsula","Which popular attractions are close to Champa Villa - Furama Villas Danang?, ",,,,,,12.0,,,,,,https://www.tripadvisor.com/Hotel_Review-g17786366-d22954331-Reviews-Champa_Villa_Furama_Villas_Danang-Son_Tra_Peninsula_Da_Nang.html
,,,,,,Arrive Hotel And Suite,Son Tra Peninsula,Vietnam,"Vietnam,Da Nang,Son Tra Peninsula",,,,,,,,,,,,,https://www.tripadvisor.com/Hotel_Review-g19779171-d21179347-Reviews-Arrive_Hotel_And_Suite-Phuoc_My_Son_Tra_Peninsula_Da_Nang.html
"21 Ha Bong Phuoc My, Da Nang 550000 Vietnam",11.0,91.0,,,,House Land Hotel Da Nang,Son Tra Peninsula,Vietnam,"Vietnam,Da Nang,Son Tra Peninsula","Which popular attractions are close to House Land Hotel Da Nang?, ",,,,,,79.0,,19.0,,,,https://www.tripadvisor.com/Hotel_Review-g17786366-d21506965-Reviews-House_Land_Hotel_Da_Nang-Son_Tra_Peninsula_Da_Nang.html
"Ho Nghinh 214, Da Nang Vietnam",12.0,89.0,,,,Maya Hotel Danang,$22,$15,"$15, - ,$22","Which popular attractions are close to Maya Hotel Danang?, ",,,,,,85.0,,,,,,https://www.tripadvisor.com/Hotel_Review-g17786366-d23263476-Reviews-Maya_Hotel_Danang-Son_Tra_Peninsula_Da_Nang.html
,,,,,,Little Beach Hotel Da Nang,Son Tra Peninsula,Vietnam,"Vietnam,Da Nang,Son Tra Peninsula",,,,,,,,,,,,,https://www.tripadvisor.com/Hotel_Review-g17786366-d21211170-Reviews-Little_Beach_Hotel_Da_Nang-Son_Tra_Peninsula_Da_Nang.html
"75 Luong The Vinh, An Hai Dong, Da Nang Vietnam",1.0,86.0,,,,OHome 75 Danang - Managed by Chiic Vacation,Son Tra Peninsula,Vietnam,"Vietnam,Da Nang,Son Tra Peninsula","Which popular attractions are close to OHome 75 Danang - Managed by Chiic Vacation?, ,What are some restaurants close to OHome 75 Danang - Managed by Chiic Vacation?, ",,,,,,26.0,,,,,,https://www.tripadvisor.com/Hotel_Review-g15327804-d23373666-Reviews-OHome_75_Danang_Managed_by_Chiic_Vacation-An_Hai_Dong_Son_Tra_Peninsula_Da_Nang.html
"166 Chinh Huu, Da Nang Vietnam",2.0,79.0,,,,Tony Hotel & Apartment,Son Tra Peninsula,Vietnam,"Vietnam,Da Nang,Son Tra Peninsula","Which popular attractions are close to Tony Hotel & Apartment?, ",,1.0,#20 of 81 hotels in Son Tra Peninsula,30.0,,37.0,Average,,,,,https://www.tripadvisor.com/Hotel_Review-g17786366-d21139640-Reviews-Tony_Hotel_Apartment-Son_Tra_Peninsula_Da_Nang.html
"24 Chinh Huu, Da Nang Vietnam",2.0,74.0,4.0,"English, Korean, Vietnamese",,Hong Phuong Hotel,Son Tra Peninsula,Vietnam,"Vietnam,Da Nang,Son Tra Peninsula","Which popular attractions are close to Hong Phuong Hotel?, ,What are some of the property amenities at Hong Phuong Hotel?, ,Which room amenities are available at Hong Phuong Hotel?, ,What food & drink options are available at Hong Phuong Hotel?, ,Is parking available at Hong Phuong Hotel?, ,What are some restaurants close to Hong Phuong Hotel?, ,Are there opportunities to exercise at Hong Phuong Hotel?, ,Does Hong Phuong Hotel have airport transportation?, ,Are any cleaning services offered at Hong Phuong Hotel?, ,Which languages are spoken by the staff at Hong Phuong Hotel?, ",13.0,,,,,27.0,,50.0,,,2.0,https://www.tripadvisor.com/Hotel_Review-g17786366-d21508663-Reviews-Hong_Phuong_Hotel-Son_Tra_Peninsula_Da_Nang.html
"10 Dinh D_t, Da Nang Vietnam",1.0,61.0,,,,Gom House,Son Tra Peninsula,Vietnam,"Vietnam,Da Nang,Son Tra Peninsula","Which popular attractions are close to Gom House?, ",,,,,,17.0,,,,,,https://www.tripadvisor.com/Hotel_Review-g17786366-d23520904-Reviews-Gom_House-Son_Tra_Peninsula_Da_Nang.html
"99 Ngo Quyen, Da Nang Vietnam",3.0,50.0,,,,Phin Coffee House,$22,$22,"$22, - ,$22","Which popular attractions are close to Phin Coffee House?, ,What are some restaurants close to Phin Coffee House?, ",,,,,,21.0,,,,,,https://www.tripadvisor.com/Hotel_Review-g17786366-d23188703-Reviews-Phin_Coffee_House-Son_Tra_Peninsula_Da_Nang.html
"02- 04 Tri_u Vi_t Vuong, Da Nang Vietnam",10.0,85.0,,,,Ocean Hotel,Son Tra Peninsula,Vietnam,"Vietnam,Da Nang,Son Tra Peninsula","Which popular attractions are close to Ocean Hotel?, ",,,,,,28.0,,,,,,https://www.tripadvisor.com/Hotel_Review-g17786366-d23522051-Reviews-Ocean_Hotel-Son_Tra_Peninsula_Da_Nang.html
,,,,,,Da Nang Queen House Apartment,Son Tra Peninsula,Vietnam,"Vietnam,Da Nang,Son Tra Peninsula",,,,,,,,,,,,,https://www.tripadvisor.com/Hotel_Review-g17786366-d21046857-Reviews-Da_Nang_Queen_House_Apartment-Son_Tra_Peninsula_Da_Nang.html
"38 Phuoc Truong 15, Da Nang Vietnam",3.0,78.0,,,,Park View Apartment Da Nang,$11,$11,"$11, - ,$11","Which popular attractions are close to Park View Apartment Da Nang?, ",,,,,,33.0,,,,,,https://www.tripadvisor.com/Hotel_Review-g17786366-d23193279-Reviews-Park_View_Apartment_Da_Nang-Son_Tra_Peninsula_Da_Nang.html
"K266 Nguyen Cong Tru, Da Nang Vietnam",6.0,84.0,,,,Bien Ngoc Motel,Son Tra Peninsula,Vietnam,"Vietnam,Da Nang,Son Tra Peninsula","Which popular attractions are close to Bien Ngoc Motel?, ",,,,,,59.0,,,,,,https://www.tripadvisor.com/Hotel_Review-g17786366-d17632474-Reviews-Bien_Ngoc_Motel-Son_Tra_Peninsula_Da_Nang.html
"123 To Hi_n Thanh, Da Nang Vietnam",4.0,82.0,,,,Orange House Hotel,Son Tra Peninsula,Vietnam,"Vietnam,Da Nang,Son Tra Peninsula","Which popular attractions are close to Orange House Hotel?, ",,,,,,75.0,,,,,,https://www.tripadvisor.com/Hotel_Review-g17786366-d21371119-Reviews-Orange_House_Hotel-Son_Tra_Peninsula_Da_Nang.html
"K266/11 Duong Dinh Nghe, An Hai Bac, Da Nang 550000 Vietnam",6.0,90.0,,,,La Vida House,Son Tra Peninsula,Vietnam,"Vietnam,Da Nang,Son Tra Peninsula","Which popular attractions are close to La Vida House?, ,What are some restaurants close to La Vida House?, ",,,,,,30.0,,,,,,https://www.tripadvisor.com/Hotel_Review-g19935676-d21306027-Reviews-La_Vida_House-An_Hai_Bac_Son_Tra_Peninsula_Da_Nang.html
,,,,,,Diamond Hotel,Son Tra Peninsula,Vietnam,"Vietnam,Da Nang,Son Tra Peninsula",,,,,,30.0,,,,,,,https://www.tripadvisor.com/Hotel_Review-g17786366-d22821695-Reviews-Diamond_Hotel-Son_Tra_Peninsula_Da_Nang.html
"Lo 2, Khu B2 - 1 Duong Pho Duc Chinh, An Hai Bac, Da Nang 550000 Vietnam",9.0,56.0,,,,OYO 990 Home 2 Hotel,Son Tra Peninsula,Vietnam,"Vietnam,Da Nang,Son Tra Peninsula","Which popular attractions are close to OYO 990 Home 2 Hotel?, ",,,,,,74.0,,,,,,https://www.tripadvisor.com/Hotel_Review-g17786366-d21092169-Reviews-OYO_990_Home_2_Hotel-Son_Tra_Peninsula_Da_Nang.html
"59 Nguy_n Cong Sau-Phu_ng Phu_c M_, Da Nang 550000 Vietnam",3.0,85.0,,,,The Dawn Hotel,Son Tra Peninsula,Vietnam,"Vietnam,Da Nang,Son Tra Peninsula","Which popular attractions are close to The Dawn Hotel?, ",,,,,,42.0,,,,,,https://www.tripadvisor.com/Hotel_Review-g17786366-d21499435-Reviews-The_Dawn_Hotel-Son_Tra_Peninsula_Da_Nang.html
"21 Ho Thau, Da Nang 550000 Vietnam",6.0,60.0,,,,Huy House Boutique Hotel,Son Tra Peninsula,Vietnam,"Vietnam,Da Nang,Son Tra Peninsula","Which popular attractions are close to Huy House Boutique Hotel?, ",,,,,,55.0,,,,,,https://www.tripadvisor.com/Hotel_Review-g17786366-d23331744-Reviews-Huy_House_Boutique_Hotel-Son_Tra_Peninsula_Da_Nang.html
"14 Mai H_c D_, Da Nang 550000 Vietnam",10.0,82.0,,,,Han Apartment,Son Tra Peninsula,Vietnam,"Vietnam,Da Nang,Son Tra Peninsula","Which popular attractions are close to Han Apartment?, ",,,,,,28.0,,,,,,https://www.tripadvisor.com/Hotel_Review-g17786366-d21461971-Reviews-Han_Apartment-Son_Tra_Peninsula_Da_Nang.html
,,,,,,Hoang Viet Apartment And Hotel,Son Tra Peninsula,Vietnam,"Vietnam,Da Nang,Son Tra Peninsula",,,,,,,,,,,,,https://www.tripadvisor.com/Hotel_Review-g19779171-d21179908-Reviews-Hoang_Viet_Apartment_And_Hotel-Phuoc_My_Son_Tra_Peninsula_Da_Nang.html
,,,,,,Sea House Hotel & Apartment,Son Tra Peninsula,Vietnam,"Vietnam,Da Nang,Son Tra Peninsula",,,,,,,,,,,,,https://www.tripadvisor.com/Hotel_Review-g19779171-d21224780-Reviews-Sea_House_Hotel_Apartment-Phuoc_My_Son_Tra_Peninsula_Da_Nang.html
,,,,,,Phuong Tung Hotel,Son Tra Peninsula,Vietnam,"Vietnam,Da Nang,Son Tra Peninsula",,,,,,,,,20.0,,,,https://www.tripadvisor.com/Hotel_Review-g19779171-d23678924-Reviews-Phuong_Tung_Hotel-Phuoc_My_Son_Tra_Peninsula_Da_Nang.html
"30/1a Ha Bong, Phuoc My, Da Nang 550000 Vietnam",12.0,100.0,,,,Son Hoa Motel,Son Tra Peninsula,Vietnam,"Vietnam,Da Nang,Son Tra Peninsula","Which popular attractions are close to Son Hoa Motel?, ,What are some restaurants close to Son Hoa Motel?, ",,,,,,81.0,,,,,,https://www.tripadvisor.com/Hotel_Review-g19779171-d21406306-Reviews-Son_Hoa_Motel-Phuoc_My_Son_Tra_Peninsula_Da_Nang.html
"256 Vo Nguyen Giap, Phuoc My, Da Nang 59000 Vietnam",3.0,89.0,,,,Truong Son Tung 5 Hotel,Son Tra Peninsula,Vietnam,"Vietnam,Da Nang,Son Tra Peninsula","Which popular attractions are close to Truong Son Tung 5 Hotel?, ,What are some restaurants close to Truong Son Tung 5 Hotel?, ",,,,,,40.0,,,,,,https://www.tripadvisor.com/Hotel_Review-g19779171-d20949608-Reviews-Truong_Son_Tung_5_Hotel-Phuoc_My_Son_Tra_Peninsula_Da_Nang.html
,,,,,,Hotel Song Thu,$15,$12,"$12, - ,$15",,,,,,,,,,,,,https://www.tripadvisor.com/Hotel_Review-g19779171-d21512310-Reviews-Hotel_Song_Thu-Phuoc_My_Son_Tra_Peninsula_Da_Nang.html
"K169 Ngo Quyen, Tho Quang, Da Nang 550000 Vietnam",11.0,92.0,,,,Homestay,Son Tra Peninsula,Vietnam,"Vietnam,Da Nang,Son Tra Peninsula","Which popular attractions are close to Homestay?, ,What are some restaurants close to Homestay?, ",,,,,,41.0,,,,,,https://www.tripadvisor.com/Hotel_Review-g15339118-d15240172-Reviews-Homestay-Tho_Quang_Son_Tra_Peninsula_Da_Nang.html
"143 Ha B_ng, Da Nang Vietnam",12.0,87.0,,"English, Russian, Chinese, Korean",,Amunra Hotel Da Nẵng,Son Tra Peninsula,Vietnam,"Vietnam,Da Nang,Son Tra Peninsula","Which popular attractions are close to Amunra Hotel Đà Nẵng?, ,What are some of the property amenities at Amunra Hotel Đà Nẵng?, ,Which room amenities are available at Amunra Hotel Đà Nẵng?, ,What food & drink options are available at Amunra Hotel Đà Nẵng?, ,Is parking available at Amunra Hotel Đà Nẵng?, ,What are some restaurants close to Amunra Hotel Đà Nẵng?, ,Does Amunra Hotel Đà Nẵng have airport transportation?, ,Which languages are spoken by the staff at Amunra Hotel Đà Nẵng?, ,Does Amunra Hotel Đà Nẵng have any great views?, ",,,,,,83.0,,21.0,,,,https://www.tripadvisor.com/Hotel_Review-g17786366-d23421769-Reviews-Amunra_Hotel_Da_N_ng-Son_Tra_Peninsula_Da_Nang.html
"68, Le Thuoc Street, Phuoc My, Da Nang 550000 Vietnam",3.0,87.0,,,,Xoro Apartment,Son Tra Peninsula,Vietnam,"Vietnam,Da Nang,Son Tra Peninsula","Which popular attractions are close to Xoro Apartment?, ,What are some restaurants close to Xoro Apartment?, ",,,,,,28.0,,,,,,https://www.tripadvisor.com/Hotel_Review-g19779171-d23432112-Reviews-Xoro_Apartment-Phuoc_My_Son_Tra_Peninsula_Da_Nang.html
"14 Vo Nghia, Phuoc My, Da Nang 550000 Vietnam",1.0,95.0,,,,Sekong Apartment,Son Tra Peninsula,Vietnam,"Vietnam,Da Nang,Son Tra Peninsula","Which popular attractions are close to Sekong Apartment?, ,What are some restaurants close to Sekong Apartment?, ",,,,,,34.0,,,,,,https://www.tripadvisor.com/Hotel_Review-g19779171-d23326964-Reviews-Sekong_Apartment-Phuoc_My_Son_Tra_Peninsula_Da_Nang.html
"96 Ngo Cao Lang 96, Tho Quang, Da Nang Vietnam",,,,,,Khach San Puka,$13,$10,"$10, - ,$13",,,,,,,,,,,,,https://www.tripadvisor.com/Hotel_Review-g15339118-d23517305-Reviews-Khach_San_Puka-Tho_Quang_Son_Tra_Peninsula_Da_Nang.html
,,,,,,Can Ho Son Tra,Son Tra Peninsula,Vietnam,"Vietnam,Da Nang,Son Tra Peninsula",,,,,,,,,,,,,https://www.tripadvisor.com/Hotel_Review-g15339118-d23341469-Reviews-Can_Ho_Son_Tra-Tho_Quang_Son_Tra_Peninsula_Da_Nang.html
"Dinh Thi Hoa Lo 24-25, An Hai Bac, Da Nang Vietnam",5.0,82.0,,,,SB Han River Apartment,Son Tra Peninsula,Vietnam,"Vietnam,Da Nang,Son Tra Peninsula","Which popular attractions are close to SB Han River Apartment?, ,What are some restaurants close to SB Han River Apartment?, ",,,,,,21.0,,,,,,https://www.tripadvisor.com/Hotel_Review-g19935676-d21398807-Reviews-SB_Han_River_Apartment-An_Hai_Bac_Son_Tra_Peninsula_Da_Nang.html
"1022 Ngo Quyen, An Hai Tay, Da Nang 550000 Vietnam",3.0,81.0,,,,Lucky Ruby Hotel,Son Tra Peninsula,Vietnam,"Vietnam,Da Nang,Son Tra Peninsula","Which popular attractions are close to Lucky Ruby Hotel?, ,What are some restaurants close to Lucky Ruby Hotel?, ",,,,,,12.0,,,,,,https://www.tripadvisor.com/Hotel_Review-g19339361-d23344834-Reviews-Lucky_Ruby_Hotel-An_Hai_Tay_Son_Tra_Peninsula_Da_Nang.html
,,,,,,Zenhouse Homestay,Son Tra Peninsula,Vietnam,"Vietnam,Da Nang,Son Tra Peninsula",,,,,,,,,,,,,https://www.tripadvisor.com/Hotel_Review-g19935676-d21303764-Reviews-Zenhouse_Homestay-An_Hai_Bac_Son_Tra_Peninsula_Da_Nang.html
"995 Ngo Quyen, An Hai Bac, Da Nang 550000 Vietnam",4.0,85.0,,"English, Vietnamese",,Madame Trang Da Nang Hotel & Apartment,Son Tra Peninsula,Vietnam,"Vietnam,Da Nang,Son Tra Peninsula","Which popular attractions are close to Madame Trang Da Nang Hotel & Apartment?, ,What are some of the property amenities at Madame Trang Da Nang Hotel & Apartment?, ,Which room amenities are available at Madame Trang Da Nang Hotel & Apartment?, ,Is parking available at Madame Trang Da Nang Hotel & Apartment?, ,What are some restaurants close to Madame Trang Da Nang Hotel & Apartment?, ,Are pets allowed at Madame Trang Da Nang Hotel & Apartment?, ,Which languages are spoken by the staff at Madame Trang Da Nang Hotel & Apartment?, ",,,,,,14.0,,20.0,,,,https://www.tripadvisor.com/Hotel_Review-g19935676-d23191106-Reviews-Madame_Trang_Da_Nang_Hotel_Apartment-An_Hai_Bac_Son_Tra_Peninsula_Da_Nang.html
"120 Vo Nguyen Giap, An Hai Bac, Da Nang Vietnam",1.0,91.0,,,,Zoneland Premium - Luxury Apartments,Son Tra Peninsula,Vietnam,"Vietnam,Da Nang,Son Tra Peninsula","Which popular attractions are close to Zoneland Premium - Luxury Apartments?, ,What are some restaurants close to Zoneland Premium - Luxury Apartments?, ",,,,,30.0,28.0,,,,,,https://www.tripadvisor.com/Hotel_Review-g19935676-d21210702-Reviews-Zoneland_Premium_Luxury_Apartments-An_Hai_Bac_Son_Tra_Peninsula_Da_Nang.html
"49 An Don 6, An Hai Bac, Da Nang 550000 Vietnam",5.0,90.0,,,,Vyan Beach House,$28,$14,"$14, - ,$28","Which popular attractions are close to Vyan Beach House?, ,What are some restaurants close to Vyan Beach House?, ",,,,,,26.0,,,,,,https://www.tripadvisor.com/Hotel_Review-g19935676-d21364231-Reviews-Vyan_Beach_House-An_Hai_Bac_Son_Tra_Peninsula_Da_Nang.html
,,,,,,Ngoc Lan Hotel,Son Tra Peninsula,Vietnam,"Vietnam,Da Nang,Son Tra Peninsula",,,,,,30.0,,,,,,,https://www.tripadvisor.com/Hotel_Review-g19935676-d21132753-Reviews-Ngoc_Lan_Hotel-An_Hai_Bac_Son_Tra_Peninsula_Da_Nang.html
,,,,,,Khach san Ngoc Lan,Son Tra Peninsula,Vietnam,"Vietnam,Da Nang,Son Tra Peninsula",,,,,,,,,,,,,https://www.tripadvisor.com/Hotel_Review-g19935676-d23619303-Reviews-Khach_san_Ngoc_Lan-An_Hai_Bac_Son_Tra_Peninsula_Da_Nang.html
"179/1 Nguyen Cong Tru, An Hai Dong, Da Nang Vietnam",7.0,86.0,,,,Ocean Waves Hostel,Son Tra Peninsula,Vietnam,"Vietnam,Da Nang,Son Tra Peninsula","Which popular attractions are close to Ocean Waves Hostel?, ,What are some restaurants close to Ocean Waves Hostel?, ",,,,,,27.0,,,,,,https://www.tripadvisor.com/Hotel_Review-g15327804-d17663020-Reviews-Ocean_Waves_Hostel-An_Hai_Dong_Son_Tra_Peninsula_Da_Nang.html
"16 Le Tan Toan Street, An Hai Dong, Da Nang 550000 Vietnam",2.0,90.0,,,,The Alps Homestay,Son Tra Peninsula,Vietnam,"Vietnam,Da Nang,Son Tra Peninsula","Which popular attractions are close to The Alps Homestay?, ,What are some restaurants close to The Alps Homestay?, ",,,,,,25.0,,,,,,https://www.tripadvisor.com/Hotel_Review-g15327804-d19193067-Reviews-The_Alps_Homestay-An_Hai_Dong_Son_Tra_Peninsula_Da_Nang.html
"49 Nguyen Thong, An Hai Dong, Da Nang Vietnam",9.0,90.0,,,,C&E Homestay Da Nang,Son Tra Peninsula,Vietnam,"Vietnam,Da Nang,Son Tra Peninsula","Which popular attractions are close to C&E Homestay Da Nang?, ,What are some restaurants close to C&E Homestay Da Nang?, ",,,,,,29.0,,,,,,https://www.tripadvisor.com/Hotel_Review-g15327804-d21301856-Reviews-C_E_Homestay_Da_Nang-An_Hai_Dong_Son_Tra_Peninsula_Da_Nang.html
,,,,,,Hotel Song Thu,Son Tra Peninsula,Vietnam,"Vietnam,Da Nang,Son Tra Peninsula",,,,,,,,,,,,,https://www.tripadvisor.com/Hotel_Review-g15327804-d21491370-Reviews-Hotel_Song_Thu-An_Hai_Dong_Son_Tra_Peninsula_Da_Nang.html
"06 Lot 6 Hoang Sa Man Thai, Da Nang 550000 Vietnam",2.0,54.0,,,,Mai Vang Hotel & Apartment,Son Tra Peninsula,Vietnam,"Vietnam,Da Nang,Son Tra Peninsula","Which popular attractions are close to Mai Vang Hotel & Apartment?, ",,1.0,#17 of 81 hotels in Son Tra Peninsula,50.0,,39.0,Excellent,,,,,https://www.tripadvisor.com/Hotel_Review-g17786366-d19076984-Reviews-Mai_Vang_Hotel_Apartment-Son_Tra_Peninsula_Da_Nang.html
,,,,,,PARIAT HOTEL Da Nang,Son Tra Peninsula,Vietnam,"Vietnam,Da Nang,Son Tra Peninsula",,,,,,,,,60.0,,,,https://www.tripadvisor.com/Hotel_Review-g23338312-d23521580-Reviews-PARIAT_HOTEL_Da_Nang-Nai_Hien_Dong_Son_Tra_Peninsula_Da_Nang.html
"28 My Khe 2, Phuoc My, Da Nang 550000 Vietnam",0.0,90.0,,,,Lotus Rock 05 Hotel,Son Tra Peninsula,Vietnam,"Vietnam,Da Nang,Son Tra Peninsula","What are some restaurants close to Lotus Rock 05 Hotel?, ",,1.0,#5 of 17 hotels in Phuoc My,50.0,,27.0,Excellent,,Budget,,,https://www.tripadvisor.com/Hotel_Review-g19779171-d21403422-Reviews-Lotus_Rock_05_Hotel-Phuoc_My_Son_Tra_Peninsula_Da_Nang.html
"3/12 Ha Th_ Than, An Hai Tay, Da Nang 550000 Vietnam",8.0,87.0,,"English, Vietnamese",,Sena Homestay Cầu Rồng Da Nẵng,Son Tra Peninsula,Vietnam,"Vietnam,Da Nang,Son Tra Peninsula","Which popular attractions are close to Sena Homestay Cầu Rồng Đà Nẵng?, ,What are some of the property amenities at Sena Homestay Cầu Rồng Đà Nẵng?, ,Which room amenities are available at Sena Homestay Cầu Rồng Đà Nẵng?, ,What food & drink options are available at Sena Homestay Cầu Rồng Đà Nẵng?, ,Is parking available at Sena Homestay Cầu Rồng Đà Nẵng?, ,What are some restaurants close to Sena Homestay Cầu Rồng Đà Nẵng?, ,Is Sena Homestay Cầu Rồng Đà Nẵng located near the city center?, ,Are any cleaning services offered at Sena Homestay Cầu Rồng Đà Nẵng?, ,Which languages are spoken by the staff at Sena Homestay Cầu Rồng Đà Nẵng?, ",,,,,,19.0,,5.0,,,,https://www.tripadvisor.com/Hotel_Review-g19339361-d21294968-Reviews-Sena_Homestay_C_u_R_ng_Da_N_ng-An_Hai_Tay_Son_Tra_Peninsula_Da_Nang.html
"A30 Tran Hung Dao Street Son Tra District, Da Nang 550000 Vietnam",9.0,81.0,86.0,,,Da Nang Riverside Hotel,$76,$37,"$37, - ,$76","Which popular attractions are close to Da Nang Riverside Hotel?, ,What are some of the property amenities at Da Nang Riverside Hotel?, ,Which room amenities are available at Da Nang Riverside Hotel?, ,What food & drink options are available at Da Nang Riverside Hotel?, ,Is parking available at Da Nang Riverside Hotel?, ,What are some restaurants close to Da Nang Riverside Hotel?, ,Are there opportunities to exercise at Da Nang Riverside Hotel?, ,Does Da Nang Riverside Hotel have airport transportation?, ,Are any cleaning services offered at Da Nang Riverside Hotel?, ,Does Da Nang Riverside Hotel offer any business services?, ,Does Da Nang Riverside Hotel have any great views?, ",29.0,148.0,#172 of 900 hotels in Da Nang,35.0,30.0,25.0,Very good,127.0,"Mid-range,River View",,7.0,https://www.tripadvisor.com/Hotel_Review-g298085-d1198755-Reviews-Da_Nang_Riverside_Hotel-Da_Nang.html
"71 Tran Dinh Dan, Da Nang 550000 Vietnam",1.0,69.0,98.0,"English, Chinese, Vietnamese",,Haka Hotel & Apartment,$64,$21,"$21, - ,$64","Which popular attractions are close to Haka Hotel & Apartment?, ,What are some of the property amenities at Haka Hotel & Apartment?, ,Which room amenities are available at Haka Hotel & Apartment?, ,What food & drink options are available at Haka Hotel & Apartment?, ,Is parking available at Haka Hotel & Apartment?, ,What are some restaurants close to Haka Hotel & Apartment?, ,Are there opportunities to exercise at Haka Hotel & Apartment?, ,Does Haka Hotel & Apartment have airport transportation?, ,Are any cleaning services offered at Haka Hotel & Apartment?, ,Which languages are spoken by the staff at Haka Hotel & Apartment?, ,Does Haka Hotel & Apartment have any great views?, ",34.0,154.0,#71 of 900 hotels in Da Nang,50.0,30.0,22.0,Excellent,20.0,"Boutique,Charming",,18.0,https://www.tripadvisor.com/Hotel_Review-g298085-d12970369-Reviews-Haka_Hotel_Apartment-Da_Nang.html
"54 - 56 Duong Dinh Nghe An Hai Ward, Son Tra District, Da Nang 550000 Vietnam",7.0,79.0,96.0,,,Hoang Sa Hotel,$79,$14,"$14, - ,$79","Which popular attractions are close to Hoang Sa Hotel?, ,What are some of the property amenities at Hoang Sa Hotel?, ,Which room amenities are available at Hoang Sa Hotel?, ,What food & drink options are available at Hoang Sa Hotel?, ,Is parking available at Hoang Sa Hotel?, ,What are some restaurants close to Hoang Sa Hotel?, ,Are there opportunities to exercise at Hoang Sa Hotel?, ,Are any cleaning services offered at Hoang Sa Hotel?, ,Does Hoang Sa Hotel offer any business services?, ",23.0,155.0,#103 of 900 hotels in Da Nang,45.0,30.0,44.0,Excellent,46.0,"Quiet,Charming",,185.0,https://www.tripadvisor.com/Hotel_Review-g298085-d4339766-Reviews-Hoang_Sa_Hotel-Da_Nang.html
"197 Le Quang Dao Street, Da Nang 550000 Vietnam",9.0,74.0,114.0,,,Christina's Da Nang,$30,$21,"$21, - ,$30","Which popular attractions are close to Christina's Da Nang?, ,What are some of the property amenities at Christina's Da Nang?, ,Which room amenities are available at Christina's Da Nang?, ,What food & drink options are available at Christina's Da Nang?, ,Is parking available at Christina's Da Nang?, ,What are some restaurants close to Christina's Da Nang?, ",53.0,157.0,#1 of 628 B&Bs / Inns in Da Nang,50.0,,158.0,Excellent,10.0,"Charming,Trendy",,10.0,https://www.tripadvisor.com/Hotel_Review-g298085-d12257413-Reviews-Christina_s_Da_Nang-Da_Nang.html
"305 Tran Hung Dao Son Tra District, Da Nang 550000 Vietnam",3.0,72.0,120.0,,,Palmier Hotel & Apartment,$43,$15,"$15, - ,$43","Which popular attractions are close to Palmier Hotel & Apartment?, ,What are some of the property amenities at Palmier Hotel & Apartment?, ,Which room amenities are available at Palmier Hotel & Apartment?, ,What food & drink options are available at Palmier Hotel & Apartment?, ,Is parking available at Palmier Hotel & Apartment?, ,What are some restaurants close to Palmier Hotel & Apartment?, ,Does Palmier Hotel & Apartment have airport transportation?, ,Are any cleaning services offered at Palmier Hotel & Apartment?, ,Does Palmier Hotel & Apartment offer any business services?, ,Is Palmier Hotel & Apartment accessible?, ",37.0,164.0,#50 of 900 hotels in Da Nang,45.0,30.0,24.0,Excellent,30.0,"Modern,Business",,32.0,https://www.tripadvisor.com/Hotel_Review-g298085-d8299463-Reviews-Palmier_Hotel_Apartment-Da_Nang.html
"305 Nguyen Van Thoai, Phuoc My Ward, Son Tra District, Da Nang 650000 Vietnam",3.0,77.0,57.0,"English, Chinese, Vietnamese",,SOCO Hotel,$33,$12,"$12, - ,$33","Which popular attractions are close to SOCO Hotel?, ,What are some of the property amenities at SOCO Hotel?, ,Which room amenities are available at SOCO Hotel?, ,What food & drink options are available at SOCO Hotel?, ,Is parking available at SOCO Hotel?, ,What are some restaurants close to SOCO Hotel?, ,Are there opportunities to exercise at SOCO Hotel?, ,Does SOCO Hotel have airport transportation?, ,Are any cleaning services offered at SOCO Hotel?, ,Does SOCO Hotel offer any business services?, ,Which languages are spoken by the staff at SOCO Hotel?, ",20.0,165.0,#169 of 900 hotels in Da Nang,35.0,30.0,86.0,Very good,121.0,,,243.0,https://www.tripadvisor.com/Hotel_Review-g298085-d6460711-Reviews-SOCO_Hotel-Da_Nang.html
"306 2/9 Street, Hai Chau, Da Nang, Da Nang 59000 Vietnam",2.0,67.0,161.0,Vietnamese,,Minh Toan Galaxy,$65,$36,"$36, - ,$65","Which popular attractions are close to Minh Toan Galaxy?, ,What are some of the property amenities at Minh Toan Galaxy?, ,Which room amenities are available at Minh Toan Galaxy?, ,What food & drink options are available at Minh Toan Galaxy?, ,Is parking available at Minh Toan Galaxy?, ,What are some restaurants close to Minh Toan Galaxy?, ,Are there opportunities to exercise at Minh Toan Galaxy?, ,Does Minh Toan Galaxy have airport transportation?, ,Is Minh Toan Galaxy located near the city center?, ,Are any cleaning services offered at Minh Toan Galaxy?, ,Does Minh Toan Galaxy offer any business services?, ",25.0,166.0,#158 of 900 hotels in Da Nang,40.0,40.0,10.0,Very good,175.0,"Great View,Modern",,24.0,https://www.tripadvisor.com/Hotel_Review-g298085-d6599489-Reviews-Minh_Toan_Galaxy-Da_Nang.html
"1 An Thuong 3 Street Ngu Hanh Son District, Da Nang 550000 Vietnam",9.0,74.0,62.0,"English, Vietnamese",,Eco Green Boutique Hotel,$44,$36,"$36, - ,$44","Which popular attractions are close to Eco Green Boutique Hotel?, ,What are some of the property amenities at Eco Green Boutique Hotel?, ,Which room amenities are available at Eco Green Boutique Hotel?, ,What food & drink options are available at Eco Green Boutique Hotel?, ,Is parking available at Eco Green Boutique Hotel?, ,What are some restaurants close to Eco Green Boutique Hotel?, ,Are there opportunities to exercise at Eco Green Boutique Hotel?, ,Does Eco Green Boutique Hotel have airport transportation?, ,Are any cleaning services offered at Eco Green Boutique Hotel?, ,Which languages are spoken by the staff at Eco Green Boutique Hotel?, ,Does Eco Green Boutique Hotel have any great views?, ",29.0,190.0,#41 of 900 hotels in Da Nang,50.0,30.0,163.0,Excellent,42.0,"City View,Charming",,21.0,https://www.tripadvisor.com/Hotel_Review-g298085-d12710754-Reviews-Eco_Green_Boutique_Hotel-Da_Nang.html
"169 Tran Hung Dao, Son Tra District, Da Nang 550000 Vietnam",2.0,67.0,69.0,"English, Italian, Vietnamese",,Barney's Backpackers Hostel,26,Vietnam,"Vietnam,Da Nang,26","Which popular attractions are close to Barney's Backpackers Hostel?, ,What are some of the property amenities at Barney's Backpackers Hostel?, ,What food & drink options are available at Barney's Backpackers Hostel?, ,Is parking available at Barney's Backpackers Hostel?, ,What are some restaurants close to Barney's Backpackers Hostel?, ,Are any cleaning services offered at Barney's Backpackers Hostel?, ,Which languages are spoken by the staff at Barney's Backpackers Hostel?, ,Are there any historical sites close to Barney's Backpackers Hostel?, ",9.0,191.0,#1 of 813 Specialty lodging in Da Nang,50.0,20.0,22.0,Excellent,26.0,"Modern,Trendy",,2.0,https://www.tripadvisor.com/Hotel_Review-g298085-d9798579-Reviews-Barney_s_Backpackers_Hostel-Da_Nang.html
"05-07 Duy Tan Street, Da Nang 550000 Vietnam",8.0,66.0,106.0,Vietnamese,,Eden Plaza Da Nang Hotel,$56,$34,"$34, - ,$56","Which popular attractions are close to Eden Plaza Da Nang Hotel?, ,What are some of the property amenities at Eden Plaza Da Nang Hotel?, ,Which room amenities are available at Eden Plaza Da Nang Hotel?, ,What food & drink options are available at Eden Plaza Da Nang Hotel?, ,Is parking available at Eden Plaza Da Nang Hotel?, ,What are some restaurants close to Eden Plaza Da Nang Hotel?, ,Are there opportunities to exercise at Eden Plaza Da Nang Hotel?, ,Does Eden Plaza Da Nang Hotel have airport transportation?, ,Is Eden Plaza Da Nang Hotel located near the city center?, ,Are any cleaning services offered at Eden Plaza Da Nang Hotel?, ,Does Eden Plaza Da Nang Hotel offer any business services?, ",42.0,196.0,#127 of 900 hotels in Da Nang,40.0,40.0,17.0,Very good,154.0,Family,,241.0,https://www.tripadvisor.com/Hotel_Review-g298085-d4346231-Reviews-Eden_Plaza_Da_Nang_Hotel-Da_Nang.html
"08 Nguyen Huu Thong, Da Nang Vietnam",8.0,81.0,109.0,,,Frangipani Boutique Hotel,$44,$25,"$25, - ,$44","Which popular attractions are close to Frangipani Boutique Hotel?, ,What are some of the property amenities at Frangipani Boutique Hotel?, ,Which room amenities are available at Frangipani Boutique Hotel?, ,What food & drink options are available at Frangipani Boutique Hotel?, ,Is parking available at Frangipani Boutique Hotel?, ,What are some restaurants close to Frangipani Boutique Hotel?, ,Are there opportunities to exercise at Frangipani Boutique Hotel?, ,Does Frangipani Boutique Hotel have airport transportation?, ,Are any cleaning services offered at Frangipani Boutique Hotel?, ",10.0,202.0,#2 of 628 B&Bs / Inns in Da Nang,45.0,30.0,61.0,Excellent,12.0,"Quiet,Modern",,2.0,https://www.tripadvisor.com/Hotel_Review-g298085-d6529403-Reviews-Frangipani_Boutique_Hotel-Da_Nang.html
"115 Nguyen Van Linh Hai Chau District, Da Nang 550000 Vietnam",8.0,87.0,117.0,Vietnamese,,One Opera Danang Hotel,$443,$21,"$21, - ,$443","Which popular attractions are close to One Opera Danang Hotel?, ,What are some of the property amenities at One Opera Danang Hotel?, ,Which room amenities are available at One Opera Danang Hotel?, ,What food & drink options are available at One Opera Danang Hotel?, ,Is parking available at One Opera Danang Hotel?, ,What are some restaurants close to One Opera Danang Hotel?, ,Are there opportunities to exercise at One Opera Danang Hotel?, ,Is One Opera Danang Hotel located near the city center?, ,Are any cleaning services offered at One Opera Danang Hotel?, ,Does One Opera Danang Hotel offer any business services?, ,Is One Opera Danang Hotel accessible?, ",32.0,211.0,#85 of 900 hotels in Da Nang,45.0,,76.0,Excellent,201.0,"Luxury,Centrally Located",,12.0,https://www.tripadvisor.com/Hotel_Review-g298085-d1575735-Reviews-One_Opera_Danang_Hotel-Da_Nang.html
"02-04-06 An Thuong 1 Street, Ngu Hanh Son Dist, Da Nang 550000 Vietnam",8.0,74.0,172.0,"English, Japanese, Vietnamese",,Chu Hotel Danang,$39,$29,"$29, - ,$39","Which popular attractions are close to Chu Hotel Danang?, ,What are some of the property amenities at Chu Hotel Danang?, ,Which room amenities are available at Chu Hotel Danang?, ,What food & drink options are available at Chu Hotel Danang?, ,Is parking available at Chu Hotel Danang?, ,What are some restaurants close to Chu Hotel Danang?, ,Does Chu Hotel Danang have airport transportation?, ,Are any cleaning services offered at Chu Hotel Danang?, ,Which languages are spoken by the staff at Chu Hotel Danang?, ,Does Chu Hotel Danang have any great views?, ",37.0,212.0,#7 of 628 B&Bs / Inns in Da Nang,40.0,30.0,148.0,Very good,26.0,Ocean View,,34.0,https://www.tripadvisor.com/Hotel_Review-g298085-d3314092-Reviews-Chu_Hotel_Danang-Da_Nang.html
"68 Vo Nguyen Giap, Son Tra, Da Nang Vietnam",4.0,53.0,192.0,"English, French, Filipino, Vietnamese",,Jazz Hotel,$105,$25,"$25, - ,$105","Which popular attractions are close to Jazz Hotel?, ,What are some of the property amenities at Jazz Hotel?, ,Which room amenities are available at Jazz Hotel?, ,What food & drink options are available at Jazz Hotel?, ,Is parking available at Jazz Hotel?, ,What are some restaurants close to Jazz Hotel?, ,Does Jazz Hotel have an airport shuttle?, ,Does Jazz Hotel have airport transportation?, ,Are any cleaning services offered at Jazz Hotel?, ,Are pets allowed at Jazz Hotel?, ,Which languages are spoken by the staff at Jazz Hotel?, ",27.0,214.0,#120 of 900 hotels in Da Nang,40.0,30.0,53.0,Very good,50.0,"Bay View,Ocean View",,22.0,https://www.tripadvisor.com/Hotel_Review-g298085-d8132288-Reviews-Jazz_Hotel-Da_Nang.html
"Lot 133,134 Tran Bach Dang St My An Ward, Ngu Hanh Son Dist., Da Nang 59000 Vietnam",7.0,79.0,221.0,Vietnamese,,Halina Hotel and Apartment,$43,$22,"$22, - ,$43","Which popular attractions are close to Halina Hotel and Apartment?, ,What are some of the property amenities at Halina Hotel and Apartment?, ,Which room amenities are available at Halina Hotel and Apartment?, ,What food & drink options are available at Halina Hotel and Apartment?, ,Is parking available at Halina Hotel and Apartment?, ,What are some restaurants close to Halina Hotel and Apartment?, ,Are there opportunities to exercise at Halina Hotel and Apartment?, ,Does Halina Hotel and Apartment have airport transportation?, ,Are any cleaning services offered at Halina Hotel and Apartment?, ",98.0,219.0,#97 of 900 hotels in Da Nang,45.0,40.0,134.0,Excellent,60.0,"Trendy,Charming",,42.0,https://www.tripadvisor.com/Hotel_Review-g298085-d13073497-Reviews-Halina_Hotel_and_Apartment-Da_Nang.html
"53-55 An Thuong 26 Street My An Ward, Ngu Hanh Son District, Da Nang Vietnam",4.0,79.0,75.0,"English, Vietnamese",,SEN Boutique Hotel,$29,$17,"$17, - ,$29","Which popular attractions are close to SEN Boutique Hotel?, ,What are some of the property amenities at SEN Boutique Hotel?, ,Which room amenities are available at SEN Boutique Hotel?, ,What food & drink options are available at SEN Boutique Hotel?, ,What are some restaurants close to SEN Boutique Hotel?, ,Are there opportunities to exercise at SEN Boutique Hotel?, ,Does SEN Boutique Hotel have airport transportation?, ,Are any cleaning services offered at SEN Boutique Hotel?, ,Which languages are spoken by the staff at SEN Boutique Hotel?, ",32.0,236.0,#61 of 900 hotels in Da Nang,45.0,30.0,82.0,Excellent,24.0,"Romantic,Business",,17.0,https://www.tripadvisor.com/Hotel_Review-g298085-d12391393-Reviews-SEN_Boutique_Hotel-Da_Nang.html
"29 - 30 Morrison An Hai Bac Ward, Son Tra District, Da Nang 550000 Vietnam",5.0,72.0,305.0,"English, Chinese, Vietnamese",,Grand Sunrise 3 Hotel,$36,$21,"$21, - ,$36","Which popular attractions are close to Grand Sunrise 3 Hotel?, ,What are some of the property amenities at Grand Sunrise 3 Hotel?, ,Which room amenities are available at Grand Sunrise 3 Hotel?, ,What food & drink options are available at Grand Sunrise 3 Hotel?, ,Is parking available at Grand Sunrise 3 Hotel?, ,What are some restaurants close to Grand Sunrise 3 Hotel?, ,Are there opportunities to exercise at Grand Sunrise 3 Hotel?, ,Does Grand Sunrise 3 Hotel have an airport shuttle?, ,Does Grand Sunrise 3 Hotel have airport transportation?, ,Are any cleaning services offered at Grand Sunrise 3 Hotel?, ,Does Grand Sunrise 3 Hotel offer any business services?, ",65.0,254.0,#49 of 900 hotels in Da Nang,50.0,35.0,27.0,Excellent,56.0,"Trendy,City View",,53.0,https://www.tripadvisor.com/Hotel_Review-g298085-d12221349-Reviews-Grand_Sunrise_3_Hotel-Da_Nang.html
"292 Vo Nguyen Giap Street My An Ward, Ngu Hanh Son District, Da Nang 550000 Vietnam",7.0,74.0,309.0,,,TMS Hotel Da Nang Beach,$144,$71,"$71, - ,$144","Which popular attractions are close to TMS Hotel Da Nang Beach?, ,What are some of the property amenities at TMS Hotel Da Nang Beach?, ,Which room amenities are available at TMS Hotel Da Nang Beach?, ,What food & drink options are available at TMS Hotel Da Nang Beach?, ,What are some restaurants close to TMS Hotel Da Nang Beach?, ,Are there opportunities to exercise at TMS Hotel Da Nang Beach?, ,Does TMS Hotel Da Nang Beach have an airport shuttle?, ,Does TMS Hotel Da Nang Beach have airport transportation?, ,Are any cleaning services offered at TMS Hotel Da Nang Beach?, ,Does TMS Hotel Da Nang Beach offer any business services?, ,Is TMS Hotel Da Nang Beach accessible?, ",75.0,265.0,#51 of 900 hotels in Da Nang,45.0,50.0,128.0,Excellent,228.0,"Great View,Trendy",,64.0,https://www.tripadvisor.com/Hotel_Review-g298085-d15153595-Reviews-TMS_Hotel_Da_Nang_Beach-Da_Nang.html
"45-47 Vo Van Kiet Street, Da Nang Vietnam",3.0,77.0,183.0,"English, Vietnamese",,Adaline Hotel & Suite,$68,$18,"$18, - ,$68","Which popular attractions are close to Adaline Hotel & Suite?, ,What are some of the property amenities at Adaline Hotel & Suite?, ,Which room amenities are available at Adaline Hotel & Suite?, ,What food & drink options are available at Adaline Hotel & Suite?, ,Is parking available at Adaline Hotel & Suite?, ,What are some restaurants close to Adaline Hotel & Suite?, ,Are there opportunities to exercise at Adaline Hotel & Suite?, ,Does Adaline Hotel & Suite have airport transportation?, ,Are any cleaning services offered at Adaline Hotel & Suite?, ,Which languages are spoken by the staff at Adaline Hotel & Suite?, ,Does Adaline Hotel & Suite have any great views?, ",33.0,268.0,#82 of 900 hotels in Da Nang,45.0,30.0,51.0,Excellent,64.0,"Family,Ocean View",,19.0,https://www.tripadvisor.com/Hotel_Review-g298085-d12117671-Reviews-Adaline_Hotel_Suite-Da_Nang.html
"22-24 Ha Chuong, P. Phu_c M_, Q. Son Tra Son Tra District, Danang City, Da Nang Vietnam",11.0,84.0,134.0,"English, French, Chinese, Vietnamese",,Green House Hotel,$52,$17,"$17, - ,$52","Which popular attractions are close to Green House Hotel?, ,What are some of the property amenities at Green House Hotel?, ,Which room amenities are available at Green House Hotel?, ,What food & drink options are available at Green House Hotel?, ,Is parking available at Green House Hotel?, ,What are some restaurants close to Green House Hotel?, ,Does Green House Hotel have airport transportation?, ,Are any cleaning services offered at Green House Hotel?, ,Which languages are spoken by the staff at Green House Hotel?, ,Is Green House Hotel accessible?, ",44.0,277.0,#74 of 900 hotels in Da Nang,45.0,30.0,80.0,Excellent,34.0,"Modern,Family",,8.0,https://www.tripadvisor.com/Hotel_Review-g298085-d7787334-Reviews-Green_House_Hotel-Da_Nang.html
"No 03 Nguyen Cao Luyen Rd An Hai Bac Ward , Son Tra District, Da Nang 550000 Vietnam",10.0,85.0,214.0,"English, Chinese, Korean, Vietnamese",,Lamuno Hotel,$77,$14,"$14, - ,$77","Which popular attractions are close to Lamuno Hotel?, ,What are some of the property amenities at Lamuno Hotel?, ,Which room amenities are available at Lamuno Hotel?, ,What food & drink options are available at Lamuno Hotel?, ,Is parking available at Lamuno Hotel?, ,What are some restaurants close to Lamuno Hotel?, ,Does Lamuno Hotel have airport transportation?, ,Are any cleaning services offered at Lamuno Hotel?, ,Which languages are spoken by the staff at Lamuno Hotel?, ,Is Lamuno Hotel accessible?, ",49.0,282.0,#37 of 900 hotels in Da Nang,50.0,30.0,77.0,Excellent,35.0,Charming,,14.0,https://www.tripadvisor.com/Hotel_Review-g298085-d13228168-Reviews-Lamuno_Hotel-Da_Nang.html
"238 Bach Dang Street Hai Chau District, Da Nang 550000 Vietnam",21.0,92.0,251.0,Vietnamese,,SenRiver Hotel,$131,$35,"$35, - ,$131","Which popular attractions are close to SenRiver Hotel?, ,What are some of the property amenities at SenRiver Hotel?, ,Which room amenities are available at SenRiver Hotel?, ,What food & drink options are available at SenRiver Hotel?, ,Is parking available at SenRiver Hotel?, ,What are some restaurants close to SenRiver Hotel?, ,Are there opportunities to exercise at SenRiver Hotel?, ,Does SenRiver Hotel have airport transportation?, ,Is SenRiver Hotel located near the city center?, ,Are any cleaning services offered at SenRiver Hotel?, ,Does SenRiver Hotel offer any business services?, ",145.0,283.0,#131 of 900 hotels in Da Nang,40.0,40.0,134.0,Very good,173.0,"Mid-range,River View",,17.0,https://www.tripadvisor.com/Hotel_Review-g298085-d807151-Reviews-SenRiver_Hotel-Da_Nang.html
"252 Vo Nguyen Giap Son Tra District, Da Nang 550000 Vietnam",3.0,72.0,269.0,Vietnamese,,Grand Tourane Hotel,$110,$54,"$54, - ,$110","Which popular attractions are close to Grand Tourane Hotel?, ,What are some of the property amenities at Grand Tourane Hotel?, ,Which room amenities are available at Grand Tourane Hotel?, ,What food & drink options are available at Grand Tourane Hotel?, ,Is parking available at Grand Tourane Hotel?, ,What are some restaurants close to Grand Tourane Hotel?, ,Are there opportunities to exercise at Grand Tourane Hotel?, ,Does Grand Tourane Hotel have airport transportation?, ,Are any cleaning services offered at Grand Tourane Hotel?, ,Are pets allowed at Grand Tourane Hotel?, ,Does Grand Tourane Hotel offer any business services?, ",59.0,285.0,#64 of 900 hotels in Da Nang,45.0,40.0,27.0,Excellent,188.0,"Ocean View,City View",,24.0,https://www.tripadvisor.com/Hotel_Review-g298085-d9853219-Reviews-Grand_Tourane_Hotel-Da_Nang.html
"51 Yen Bai, Da Nang 550000 Vietnam",28.0,93.0,132.0,"English, Chinese, Japanese, Vietnamese",,Dai A hotel,$18,$14,"$14, - ,$18","Which popular attractions are close to Dai A hotel?, ,What are some of the property amenities at Dai A hotel?, ,Which room amenities are available at Dai A hotel?, ,What food & drink options are available at Dai A hotel?, ,Is parking available at Dai A hotel?, ,What are some restaurants close to Dai A hotel?, ,Which languages are spoken by the staff at Dai A hotel?, ",13.0,298.0,#121 of 900 hotels in Da Nang,40.0,20.0,181.0,Very good,49.0,"Centrally Located,Quiet",,163.0,https://www.tripadvisor.com/Hotel_Review-g298085-d1236495-Reviews-Dai_A_hotel-Da_Nang.html
"Lot 104 Tran Bach Dang Street My An Ward, Ngu Hanh Son District, Da Nang Vietnam",5.0,79.0,159.0,,,Ana Maison Hotel and Apartment,$29,$18,"$18, - ,$29","Which popular attractions are close to Ana Maison Hotel and Apartment?, ,What are some of the property amenities at Ana Maison Hotel and Apartment?, ,Which room amenities are available at Ana Maison Hotel and Apartment?, ,What food & drink options are available at Ana Maison Hotel and Apartment?, ,Is parking available at Ana Maison Hotel and Apartment?, ,What are some restaurants close to Ana Maison Hotel and Apartment?, ,Are there opportunities to exercise at Ana Maison Hotel and Apartment?, ,Does Ana Maison Hotel and Apartment have airport transportation?, ,Are any cleaning services offered at Ana Maison Hotel and Apartment?, ",38.0,299.0,#91 of 900 hotels in Da Nang,45.0,,88.0,Excellent,34.0,"Modern,Family",,16.0,https://www.tripadvisor.com/Hotel_Review-g298085-d9570796-Reviews-Ana_Maison_Hotel_and_Apartment-Da_Nang.html
"294 Vo Nguyen Giap My An, Ngu Hanh Son, Da Nang 550000 Vietnam",7.0,74.0,229.0,Vietnamese,,Eden Hotel Danang,$65,$38,"$38, - ,$65","Which popular attractions are close to Eden Hotel Danang?, ,What are some of the property amenities at Eden Hotel Danang?, ,Which room amenities are available at Eden Hotel Danang?, ,What food & drink options are available at Eden Hotel Danang?, ,Is parking available at Eden Hotel Danang?, ,What are some restaurants close to Eden Hotel Danang?, ,Are there opportunities to exercise at Eden Hotel Danang?, ,Does Eden Hotel Danang have airport transportation?, ,Are any cleaning services offered at Eden Hotel Danang?, ,Does Eden Hotel Danang offer any business services?, ,Is Eden Hotel Danang accessible?, ",22.0,304.0,#38 of 900 hotels in Da Nang,50.0,50.0,132.0,Excellent,226.0,"Family,Great View",,21.0,https://www.tripadvisor.com/Hotel_Review-g298085-d15142242-Reviews-Eden_Hotel_Danang-Da_Nang.html
"192 Vo Nguyen Giap Street Phuoc My Ward, Son Tra District, Da Nang 550000 Vietnam",6.0,82.0,263.0,"English, Vietnamese",,The Nalod Da Nang,$145,$43,"$43, - ,$145","Which popular attractions are close to The Nalod Da Nang?, ,What are some of the property amenities at The Nalod Da Nang?, ,Which room amenities are available at The Nalod Da Nang?, ,What food & drink options are available at The Nalod Da Nang?, ,Is parking available at The Nalod Da Nang?, ,What are some restaurants close to The Nalod Da Nang?, ,Are there opportunities to exercise at The Nalod Da Nang?, ,Does The Nalod Da Nang have airport transportation?, ,Are any cleaning services offered at The Nalod Da Nang?, ,Does The Nalod Da Nang offer any business services?, ,Which languages are spoken by the staff at The Nalod Da Nang?, ",75.0,315.0,#54 of 900 hotels in Da Nang,45.0,35.0,52.0,Excellent,250.0,"Ocean View,Business",,47.0,https://www.tripadvisor.com/Hotel_Review-g298085-d12445740-Reviews-The_Nalod_Da_Nang-Da_Nang.html
"50 Bach Dang Hai Chau, Da Nang 550000 Vietnam",12.0,88.0,291.0,"Korean, Vietnamese",,Hilton Da Nang,$147,$88,"$88, - ,$147","Which popular attractions are close to Hilton Da Nang?, ,What are some of the property amenities at Hilton Da Nang?, ,Which room amenities are available at Hilton Da Nang?, ,What food & drink options are available at Hilton Da Nang?, ,Is parking available at Hilton Da Nang?, ,What are some restaurants close to Hilton Da Nang?, ,Are there opportunities to exercise at Hilton Da Nang?, ,Does Hilton Da Nang have airport transportation?, ,Are any cleaning services offered at Hilton Da Nang?, ,Does Hilton Da Nang offer any business services?, ,Which languages are spoken by the staff at Hilton Da Nang?, ",81.0,315.0,#81 of 900 hotels in Da Nang,45.0,40.0,74.0,Excellent,223.0,"River View,Centrally Located",,50.0,https://www.tripadvisor.com/Hotel_Review-g298085-d12919657-Reviews-Hilton_Da_Nang-Da_Nang.html
"65 Xuan Dieu, Da Nang 550000 Vietnam",12.0,51.0,98.0,"English, Vietnamese",,Night Sky Hotel,$20,$15,"$15, - ,$20","Which popular attractions are close to Night Sky Hotel?, ,What are some of the property amenities at Night Sky Hotel?, ,Which room amenities are available at Night Sky Hotel?, ,What food & drink options are available at Night Sky Hotel?, ,Is parking available at Night Sky Hotel?, ,What are some restaurants close to Night Sky Hotel?, ,Are there opportunities to exercise at Night Sky Hotel?, ,Does Night Sky Hotel have airport transportation?, ,Are any cleaning services offered at Night Sky Hotel?, ,Which languages are spoken by the staff at Night Sky Hotel?, ,Are there any historical sites close to Night Sky Hotel?, ",6.0,325.0,#73 of 900 hotels in Da Nang,45.0,20.0,71.0,Excellent,35.0,"Harbor View,River View",,106.0,https://www.tripadvisor.com/Hotel_Review-g298085-d7374825-Reviews-Night_Sky_Hotel-Da_Nang.html
"Truong Sa Street Group 74, Ngu Hanh Son District, Hoa Hai, Da Nang 550000 Vietnam",,,504.0,Vietnamese,,The Ocean Villas,$369,$107,"$107, - ,$369","What are some of the property amenities at The Ocean Villas?, ,Which room amenities are available at The Ocean Villas?, ,What food & drink options are available at The Ocean Villas?, ,Is parking available at The Ocean Villas?, ,What are some restaurants close to The Ocean Villas?, ,Are there opportunities to exercise at The Ocean Villas?, ,Does The Ocean Villas have airport transportation?, ,Are any cleaning services offered at The Ocean Villas?, ,Are there any historical sites close to The Ocean Villas?, ,Does The Ocean Villas have any great views?, ,Is The Ocean Villas accessible?, ",329.0,336.0,#1 of 7 hotels in Hoa Hai,45.0,50.0,,Excellent,114.0,Quiet,,93.0,https://www.tripadvisor.com/Hotel_Review-g20045940-d2298509-Reviews-The_Ocean_Villas-Hoa_Hai_Da_Nang.html
